Main Name	DrugBank:Identifiers	score	Human Intestinal Absorption	Blood Brain Barrier	P-glycoprotein Inhibition	Drug Induced Liver Injury	CYP3A4 Inhibition	CYP2C9 Inhibition	DrugBank:Routes	DrugBank:FDA Approved	Less than $500	Pediatric Safety
acetaminophen	{'cas-number': '103-90-2', 'ChEBI': '46195', 'ChEMBL': 'CHEMBL112', 'drugbank-id': 'DB00316', 'InChIKey': 'RZVAJINKPMORJF-UHFFFAOYSA-N', 'PubChem Compound': '1983', 'PubChem Substance': '46506142', 'unii': '362O9ITL9D'}	❌ NO MATCH	0.9927615137	0.9359446613	0.0124677374	0.2638209078	0.0318147688	0.0334468611	{'topical', 'ophthalmic', 'nasal', 'rectal', 'respiratory (inhalation)', 'not applicable', 'intravenous', 'oral'}	TRUE	TRUE	TRUE
aminocaproic acid	{'cas-number': '60-32-2', 'ChEBI': '57826', 'ChEMBL': 'CHEMBL1046', 'drugbank-id': 'DB00513', 'InChIKey': 'SLXKOJJOQWFEFD-UHFFFAOYSA-N', 'PubChem Compound': '564', 'PubChem Substance': '46506934', 'unii': 'U6F3787206'}	❌ NO MATCH	0.9852716439	0.6424099455	0.0077293073	0.0577206432	0.0006318753	0.0085677491	{'topical', 'intravenous', 'oral', 'dental'}	TRUE	TRUE	TRUE
amphetamine	{'cas-number': '300-62-9', 'ChEBI': '132233', 'ChEMBL': 'CHEMBL405', 'drugbank-id': 'DB00182', 'InChIKey': 'KWTSXDURSIMDCE-UHFFFAOYSA-N', 'PubChem Compound': '3007', 'PubChem Substance': '46506414', 'unii': 'CK833KGX7E'}	❌ NO MATCH	0.9963902622	0.9681729672	0.0182598499	0.0616114152	0.0078649683	0.0027632889	{'oral'}	TRUE	TRUE	TRUE
atropine	{'cas-number': '51-55-8', 'ChEBI': '78734', 'ChEMBL': 'CHEMBL517712', 'drugbank-id': 'DB00572', 'InChIKey': 'RKUNBYITZUJHSG-SPUOUPEWSA-N', 'PubChem Compound': '174174', 'PubChem Substance': '46507540', 'unii': '7C0697DR9I'}	❌ NO MATCH	0.9944595088	0.7493478984	0.0246297833	0.1218085569	0.0164320563	0.0032931543	{'endotracheal', 'ophthalmic', 'intramuscular', 'parenteral', 'subcutaneous', 'intramedullary', 'intravenous', 'oral'}	TRUE	TRUE	TRUE
auranofin	{'cas-number': '34031-32-8', 'ChEBI': '2922', 'ChEMBL': 'CHEMBL1366', 'drugbank-id': 'DB00995', 'InChIKey': 'AUJRCFUBUPVWSZ-XTZHGVARSA-M', 'PubChem Compound': '70788951', 'PubChem Substance': '46507010', 'unii': '3H04W2810V'}	❌ NO MATCH	0.9402915086	0.859124566	0.1618208518	0.3999644604	0.0156789912	0.0223481524	{'oral'}	TRUE	TRUE	TRUE
calcium chloride	{'cas-number': '10043-52-4', 'ChEBI': '3312', 'ChEMBL': 'CHEMBL1200668', 'drugbank-id': 'DB01164', 'InChIKey': 'UXVMQQNJUSDDNG-UHFFFAOYSA-L', 'PubChem Compound': '5284359', 'PubChem Substance': '46507257', 'unii': 'OFM21057LP'}	❌ NO MATCH	0.9872220764	0.9443112755	0.0240266812	0.1077332311	0.0062605379	0.0078550527	{'intrathecal', 'ophthalmic', 'topical', 'irrigation', 'intravenous', 'intraventricular', 'buccal', 'dental', 'intra-arterial', 'intraocular', 'parenteral', 'intraperitoneal', 'oral', 'hemodialysis'}	TRUE	TRUE	TRUE
chlorpheniramine	{'cas-number': '132-22-9', 'ChEBI': '52010', 'ChEMBL': 'CHEMBL505', 'drugbank-id': 'DB01114', 'InChIKey': 'SOYKEARSMXGVTM-UHFFFAOYSA-N', 'PubChem Compound': '2725', 'PubChem Substance': '46508253', 'unii': '3U6IO1965U'}	❌ NO MATCH	0.9963020718	0.8696336071	0.0876075894	0.0593945641	0.0303512595	0.0268539989	{'topical', 'nasal', 'intramuscular', 'parenteral', 'subcutaneous', 'not applicable', 'intravenous', 'oral'}	TRUE	TRUE	TRUE
clomipramine	{'cas-number': '303-49-1', 'ChEBI': '47780', 'ChEMBL': 'CHEMBL415', 'drugbank-id': 'DB01242', 'InChIKey': 'GDLIGKIOYRNHDA-UHFFFAOYSA-N', 'PubChem Compound': '2801', 'PubChem Substance': '46505157', 'unii': 'NUV44L116D'}	❌ NO MATCH	0.9976357421	0.9906996192	0.702459179	0.3639806252	0.0540604018	0.0160877643	{'oral'}	TRUE	TRUE	TRUE
fluoxetine	{'cas-number': '54910-89-3', 'ChEBI': '86990', 'ChEMBL': 'CHEMBL41', 'drugbank-id': 'DB00472', 'InChIKey': 'RTHCYVBBDHJXIQ-UHFFFAOYSA-N', 'PubChem Compound': '3386', 'PubChem Substance': '46507902', 'unii': '01K63SUP8D'}	❌ NO MATCH	0.9964001261	0.9584307697	0.4218854223	0.1507583697	0.2429653033	0.1805417506	{'not applicable', 'oral'}	TRUE	TRUE	TRUE
fosinopril	{'cas-number': '98048-97-6', 'ChEBI': '5163', 'ChEMBL': 'CHEMBL3039598', 'drugbank-id': 'DB00492', 'InChIKey': 'BIDNLKIUORFRQP-FLODCBCLSA-N', 'PubChem Compound': '55891', 'PubChem Substance': '46506495', 'unii': 'R43D2573WO'}	❌ NO MATCH	0.9372595226	0.6287022078	0.7496473329	0.4171265789	0.3520291221	0.2394181279	{'oral'}	TRUE	TRUE	TRUE
iron	{'cas-number': '7439-89-6', 'ChEBI': '18248', 'ChEMBL': None, 'drugbank-id': 'DB01592', 'InChIKey': 'XEEYBQQBJWHFJM-UHFFFAOYSA-N', 'PubChem Compound': '23925', 'PubChem Substance': '46509190', 'unii': 'E1UOL152H7'}	❌ NO MATCH	0.9920440006	0.9462074751	0.0243982034	0.1188098802	0.0049110251	0.0051183092	{'topical', 'oral'}	TRUE	TRUE	TRUE
lubiprostone	{'cas-number': '136790-76-6', 'ChEBI': None, 'ChEMBL': 'CHEMBL1201134', 'drugbank-id': 'DB01046', 'InChIKey': 'WGFOBBZOWHGYQH-MXHNKVEKSA-N', 'PubChem Compound': '157920', 'PubChem Substance': '46505874', 'unii': '7662KG2R6K'}	❌ NO MATCH	0.9863959749	0.6786430475	0.2491633761	0.4281844591	0.0701522503	0.002571535	{'oral'}	TRUE	TRUE	TRUE
magnesium oxide	{'cas-number': '1309-48-4', 'ChEBI': '31794', 'ChEMBL': 'CHEMBL1200572', 'drugbank-id': 'DB01377', 'InChIKey': 'AXZKOIWUVFPNLO-UHFFFAOYSA-N', 'PubChem Compound': '14792', 'PubChem Substance': '46504815', 'unii': '3A3U0GI71G'}	❌ NO MATCH	0.9917731801	0.9463019302	0.0201474446	0.1253683856	0.0049774807	0.0068563802	{'topical', 'not applicable', 'irrigation', 'oral'}	TRUE	TRUE	TRUE
magnesium sulfate	{'cas-number': '7487-88-9', 'ChEBI': '32599', 'ChEMBL': 'CHEMBL2021423', 'drugbank-id': 'DB00653', 'InChIKey': 'CSNNHWWHGAXBCP-UHFFFAOYSA-L', 'PubChem Compound': '24083', 'PubChem Substance': '46508411', 'unii': 'ML30MJ2U7I'}	❌ NO MATCH	0.9791615648	0.8163659199	0.069858174	0.3994813604	0.001214494	0.0106488101	{'intrathecal', 'irrigation', 'topical', 'intramuscular', 'cutaneous', 'intravenous', 'oral'}	TRUE	TRUE	TRUE
mefloquine	{'cas-number': '53230-10-7', 'ChEBI': '63681', 'ChEMBL': 'CHEMBL416956', 'drugbank-id': 'DB00358', 'InChIKey': 'XEEQGYMUWCZPDN-UHFFFAOYSA-N', 'PubChem Compound': '4046', 'PubChem Substance': '46505610', 'unii': 'TML814419R'}	❌ NO MATCH	0.9959419128	0.879317553	0.6673738895	0.211677628	0.2459921062	0.1669552337	{'oral'}	TRUE	TRUE	TRUE
palonosetron	{'cas-number': '135729-56-5', 'ChEBI': '85161', 'ChEMBL': 'CHEMBL1189679', 'drugbank-id': 'DB00377', 'InChIKey': 'CPZBLNMUGSZIPR-NVXWUHKLSA-N', 'PubChem Compound': '6337614', 'PubChem Substance': '46508530', 'unii': '5D06587D6R'}	❌ NO MATCH	0.9951031536	0.93049401	0.2303495106	0.2711919083	0.1419592913	0.0260151457	{'intravenous', 'oral'}	TRUE	TRUE	TRUE
sevelamer	{'cas-number': '52757-95-6', 'ChEBI': None, 'ChEMBL': 'CHEMBL1201798', 'drugbank-id': 'DB00658', 'InChIKey': 'ZNSIZMQNQCNRBW-UHFFFAOYSA-N', 'PubChem Compound': '3085017', 'PubChem Substance': '46505951', 'unii': '941N5DUU5C'}	❌ NO MATCH	0.9885634242	0.9387119791	0.022954159	0.1445627954	0.0039149464	0.0162135229	{'parenteral', 'oral'}	TRUE	TRUE	TRUE
solifenacin	{'cas-number': '242478-37-1', 'ChEBI': '135530', 'ChEMBL': 'CHEMBL1734', 'drugbank-id': 'DB01591', 'InChIKey': 'FBOUYBDGKBSUES-VXKWHMMOSA-N', 'PubChem Compound': '154059', 'PubChem Substance': '46506006', 'unii': 'A8910SQJ1U'}	❌ NO MATCH	0.9955130899	0.9669947427	0.6780529712	0.2344749566	0.2960505778	0.1336438384	{'oral'}	TRUE	TRUE	TRUE
acetylcysteine	{'cas-number': '616-91-1', 'ChEBI': '28939', 'ChEMBL': 'CHEMBL600', 'drugbank-id': 'DB06151', 'InChIKey': 'PWKSKIMOESPYIA-BYPYZUCNSA-N', 'PubChem Compound': '12035', 'PubChem Substance': '99443235', 'unii': 'WYQ7N0BPYC'}	6	0.9750061924	0.6884013068	0.0062169445	0.2103022993	0.00087124	0.0015382506	{'respiratory (inhalation)', 'intravenous', 'intramuscular', 'oral'}	TRUE	TRUE	TRUE
amitriptyline	{'cas-number': '50-48-6', 'ChEBI': '2666', 'ChEMBL': 'CHEMBL629', 'drugbank-id': 'DB00321', 'InChIKey': 'KRMDCWKBEZIMAB-UHFFFAOYSA-N', 'PubChem Compound': '2160', 'PubChem Substance': '46508798', 'unii': '1806D8D52K'}	6	0.9969217344	0.986974623	0.6932192991	0.1981365699	0.2581484595	0.0760936865	{'topical', 'oral'}	TRUE	TRUE	TRUE
azelaic acid	{'cas-number': '123-99-9', 'ChEBI': '48131', 'ChEMBL': 'CHEMBL1238', 'drugbank-id': 'DB00548', 'InChIKey': 'BDJRBEYXGGNYIS-UHFFFAOYSA-N', 'PubChem Compound': '2266', 'PubChem Substance': '46506284', 'unii': 'F2VW3D43YT'}	6	0.7078978633	0.7754936393	0.0081235747	0.1871451921	0.0003309446	0.0054149154	{'topical', 'cutaneous', 'oral'}	TRUE	TRUE	TRUE
betamethasone	{'cas-number': '378-44-9', 'ChEBI': '3077', 'ChEMBL': 'CHEMBL632', 'drugbank-id': 'DB00443', 'InChIKey': 'UREBDLICKHMUKA-DVTGEIKXSA-N', 'PubChem Compound': '9782', 'PubChem Substance': '46505155', 'unii': '9842X06Q6M'}	6	0.9932225293	0.7130232304	0.1704179436	0.1705295288	0.0528670516	0.0050397405	{'intravascular', 'epidural', 'intralesional', 'intravenous', 'intramuscular', 'intraspinal', 'perineural', 'intradermal', 'auricular (otic)', 'oral', 'intrathecal', 'ophthalmic', 'cutaneous', 'intra-articular', 'topical', 'rectal', 'intrabursal', 'soft tissue', 'infiltration'}	TRUE	TRUE	TRUE
biotin	{'cas-number': '58-85-5', 'ChEBI': '15956', 'ChEMBL': 'CHEMBL857', 'drugbank-id': 'DB00121', 'InChIKey': 'YBJHBAHKTGYVGT-ZKWXMUAHSA-N', 'PubChem Compound': '171548', 'PubChem Substance': '46508694', 'unii': '6SO6U10H04'}	6	0.9453523911	0.610813498	0.016921762	0.2349649545	0.0026427428	0.0006083571	{'topical', 'intravenous', 'cutaneous', 'oral'}	TRUE	TRUE	TRUE
budesonide	{'cas-number': '51333-22-3', 'ChEBI': '3207', 'ChEMBL': 'CHEMBL1370', 'drugbank-id': 'DB01222', 'InChIKey': 'VOVIALXJUBGFJZ-KWVAZRHASA-N', 'PubChem Compound': '5281004', 'PubChem Substance': '46504869', 'unii': 'Q3OKS62Q6X'}	6	0.9923607114	0.9707924453	0.2514899763	0.2823980732	0.235625809	0.0220436459	{'nasal', 'cutaneous', 'rectal', 'respiratory (inhalation)', 'not applicable', 'oral'}	TRUE	TRUE	TRUE
buspirone	{'cas-number': '36505-84-7', 'ChEBI': '3223', 'ChEMBL': 'CHEMBL49', 'drugbank-id': 'DB00490', 'InChIKey': 'QWCRAEMEVRGPNT-UHFFFAOYSA-N', 'PubChem Compound': '2477', 'PubChem Substance': '46508113', 'unii': 'TK65WKS8HL'}	6	0.9926834405	0.9705618964	0.3264386712	0.178868901	0.1049201288	0.1426598241	{'not applicable', 'oral'}	TRUE	TRUE	TRUE
citalopram	{'cas-number': '59729-33-8', 'ChEBI': '77397', 'ChEMBL': 'CHEMBL549', 'drugbank-id': 'DB00215', 'InChIKey': 'WSEQXVZVJXJVFP-UHFFFAOYSA-N', 'PubChem Compound': '2771', 'PubChem Substance': '46508746', 'unii': '0DHU5B8D6V'}	6	0.9962642982	0.967824751	0.4689888723	0.1195273321	0.1445243028	0.0180551374	{'oral'}	TRUE	TRUE	TRUE
clonidine	{'cas-number': '4205-90-7', 'ChEBI': '3757', 'ChEMBL': 'CHEMBL134', 'drugbank-id': 'DB00575', 'InChIKey': 'GJSURZIOUXUGAL-UHFFFAOYSA-N', 'PubChem Compound': '2803', 'PubChem Substance': '46508119', 'unii': 'MN3L5RMN02'}	6	0.9942425168	0.9335289405	0.0255770787	0.2648746612	0.0038707304	0.0093848903	{'epidural', 'transdermal', 'intravenous', 'oral'}	TRUE	TRUE	TRUE
cyproheptadine	{'cas-number': '129-03-3', 'ChEBI': '4046', 'ChEMBL': 'CHEMBL516', 'drugbank-id': 'DB00434', 'InChIKey': 'JJCFRYNCJDLXIK-UHFFFAOYSA-N', 'PubChem Compound': '2913', 'PubChem Substance': '46508613', 'unii': '2YHB6175DO'}	6	0.9953253268	0.9843415362	0.8798690186	0.2946239781	0.3488762419	0.1334409235	{'not applicable', 'oral'}	TRUE	TRUE	TRUE
desvenlafaxine	{'cas-number': '93413-62-8', 'ChEBI': '83527', 'ChEMBL': 'CHEMBL1118', 'drugbank-id': 'DB06700', 'InChIKey': 'KYYIDSXMWOZKMP-UHFFFAOYSA-N', 'PubChem Compound': '125017', 'PubChem Substance': '99443254', 'unii': 'NG99554ANW'}	6	0.9947910187	0.809410056	0.0332870008	0.0593383003	0.0097013513	0.0068041277	{'oral'}	TRUE	TRUE	TRUE
escitalopram	{'cas-number': '128196-01-0', 'ChEBI': '36791', 'ChEMBL': 'CHEMBL1508', 'drugbank-id': 'DB01175', 'InChIKey': 'WSEQXVZVJXJVFP-FQEVSTJZSA-N', 'PubChem Compound': '146570', 'PubChem Substance': '46507040', 'unii': '4O4S742ANY'}	6	0.9933702336	0.9620053659	0.1783148439	0.1387503863	0.025194368	0.0036795028	{'oral'}	TRUE	TRUE	TRUE
gabapentin	{'cas-number': '60142-96-3', 'ChEBI': '42797', 'ChEMBL': 'CHEMBL940', 'drugbank-id': 'DB00996', 'InChIKey': 'UGJMXCAKCUNAIE-UHFFFAOYSA-N', 'PubChem Compound': '3446', 'PubChem Substance': '46506529', 'unii': '6CW7F3G59X'}	6	0.9949511682	0.9167903331	0.0078341423	0.1078927868	0.0055762987	0.0137754851	{'topical', 'not applicable', 'cutaneous', 'oral'}	TRUE	TRUE	TRUE
glutamic acid	{'cas-number': '56-86-0', 'ChEBI': '16015', 'ChEMBL': 'CHEMBL575060', 'drugbank-id': 'DB00142', 'InChIKey': 'WHUUTDBJXJRKMK-VKHMYHEASA-N', 'PubChem Compound': '33032', 'PubChem Substance': '46505816', 'unii': '3KX376GY7L'}	6	0.9730797613	0.5129646899	0.0080917982	0.1406333591	0.0006902313	0.0062250351	{'topical', 'intravenous', 'cutaneous', 'oral'}	TRUE	TRUE	TRUE
hydroxyzine	{'cas-number': '68-88-2', 'ChEBI': '5818', 'ChEMBL': 'CHEMBL896', 'drugbank-id': 'DB00557', 'InChIKey': 'ZQDWXGKKHFNSQK-UHFFFAOYSA-N', 'PubChem Compound': '3658', 'PubChem Substance': '46508556', 'unii': '30S50YM8OG'}	6	0.9942232344	0.9127730683	0.7291650511	0.0760412384	0.1584057209	0.1878095191	{'sublingual', 'intramuscular', 'oral'}	TRUE	TRUE	TRUE
metformin	{'cas-number': '657-24-9', 'ChEBI': '6801', 'ChEMBL': 'CHEMBL1431', 'drugbank-id': 'DB00331', 'InChIKey': 'XZWYZXLIPXDOLR-UHFFFAOYSA-N', 'PubChem Compound': '4091', 'PubChem Substance': '46507752', 'unii': '9100L32L2N'}	6	0.9711515714	0.6405290761	0.0299544577	0.0779986519	0.0032646198	0.0030989068	{'not applicable', 'oral'}	TRUE	TRUE	TRUE
metoprolol	{'cas-number': '51384-51-1', 'ChEBI': '6904', 'ChEMBL': 'CHEMBL13', 'drugbank-id': 'DB00264', 'InChIKey': 'IUBSYMUCCVWXPE-UHFFFAOYSA-N', 'PubChem Compound': '4171', 'PubChem Substance': '46506211', 'unii': 'GEB06NHM23'}	6	0.9956387745	0.8465716479	0.0646611352	0.0883883672	0.0648173563	0.021937971	{'not applicable', 'intravenous', 'oral'}	TRUE	TRUE	TRUE
oseltamivir	{'cas-number': '196618-13-0', 'ChEBI': '7798', 'ChEMBL': 'CHEMBL1229', 'drugbank-id': 'DB00198', 'InChIKey': 'VSZGPKBBMSAYNT-RRFJBIMHSA-N', 'PubChem Compound': '65028', 'PubChem Substance': '46507602', 'unii': '20O93L6F9H'}	6	0.9942805098	0.8491089457	0.0401154727	0.2192931539	0.0456702576	0.0284280219	{'oral'}	TRUE	TRUE	TRUE
propranolol	{'cas-number': '525-66-6', 'ChEBI': '8499', 'ChEMBL': 'CHEMBL27', 'drugbank-id': 'DB00571', 'InChIKey': 'AQHHHDLHHXJYJD-UHFFFAOYSA-N', 'PubChem Compound': '4946', 'PubChem Substance': '46505387', 'unii': '9Y8NXQ24VQ'}	6	0.9963829418	0.6028237075	0.1423310062	0.1399007758	0.4224926616	0.0483986744	{'intravenous', 'oral'}	TRUE	TRUE	TRUE
pyridoxine	{'cas-number': '65-23-6', 'ChEBI': '16709', 'ChEMBL': 'CHEMBL1364', 'drugbank-id': 'DB00165', 'InChIKey': 'LXNHXLLTXMVWPM-UHFFFAOYSA-N', 'PubChem Compound': '1054', 'PubChem Substance': '46508560', 'unii': 'KV2JZ1BI6Z'}	6	0.9864176723	0.6089579299	0.0238434105	0.1069265592	0.0082446823	0.005849196	{'topical', 'ophthalmic', 'intramuscular', 'dental', 'cutaneous', 'transdermal', 'intravenous', 'oral'}	TRUE	TRUE	TRUE
triamcinolone	{'cas-number': '124-94-7', 'ChEBI': '9667', 'ChEMBL': 'CHEMBL1451', 'drugbank-id': 'DB00620', 'InChIKey': 'GFNANZIMVAIWHM-OBYCQNJPSA-N', 'PubChem Compound': '31307', 'PubChem Substance': '46507950', 'unii': '1ZK20VI6TY'}	6	0.9874542498	0.5382120628	0.1016503443	0.2060012842	0.0419561321	0.0024840833	{'intravascular', 'dental', 'parenteral', 'epidural', 'intralesional', 'intravenous', 'nasal', 'intramuscular', 'perineural', 'intradermal', 'oral', 'intrathecal', 'ophthalmic', 'buccal', 'intrasynovial', 'intra-articular', 'intravitreal', 'topical', 'intra-arterial', 'intracaudal', 'subcutaneous', 'respiratory (inhalation)', 'intrabursal', 'soft tissue', 'infiltration', 'periarticular'}	TRUE	TRUE	TRUE
atomoxetine	{'cas-number': '83015-26-3', 'ChEBI': '127342', 'ChEMBL': 'CHEMBL641', 'drugbank-id': 'DB00289', 'InChIKey': 'VHGCDTVCOLNTBX-QGZVFWFLSA-N', 'PubChem Compound': '54841', 'PubChem Substance': '46506160', 'unii': 'ASW034S0B8'}	5	0.9964816818	0.9487553435	0.1911493634	0.1279725354	0.0409701797	0.0293297353	{'oral'}	TRUE	TRUE	TRUE
calcitriol	{'cas-number': '32222-06-3', 'ChEBI': '17823', 'ChEMBL': 'CHEMBL846', 'drugbank-id': 'DB00136', 'InChIKey': 'GMRQFYUYWCNGIN-NKMMMXOESA-N', 'PubChem Compound': '5280453', 'PubChem Substance': '46508162', 'unii': 'FXC9231JVH'}	5	0.9939736994	0.654870169	0.5502206376	0.078336732	0.059725113	0.0595574329	{'topical', 'intravenous', 'oral'}	TRUE	TRUE	TRUE
captopril	{'cas-number': '62571-86-2', 'ChEBI': '3380', 'ChEMBL': 'CHEMBL1560', 'drugbank-id': 'DB01197', 'InChIKey': 'FAKRSMQSSFJEIM-RQJHMYQMSA-N', 'PubChem Compound': '44093', 'PubChem Substance': '46506879', 'unii': '9G64RSX1XD'}	5	0.9882524703	0.8258138684	0.0117413753	0.3662746045	0.0003191914	0.0017843374	{'not applicable', 'oral'}	TRUE	TRUE	TRUE
cholecalciferol	{'cas-number': '67-97-0', 'ChEBI': '28940', 'ChEMBL': 'CHEMBL1042', 'drugbank-id': 'DB00169', 'InChIKey': 'QYSXJUFSXHHAJI-YRZJJWOYSA-N', 'PubChem Compound': '5280795', 'PubChem Substance': '46506365', 'unii': '1C6V77QF41'}	5	0.9962239643	0.7982973586	0.6662697205	0.1240301526	0.0948433035	0.0573014773	{'topical', 'intravenous', 'cutaneous', 'oral'}	TRUE	TRUE	TRUE
desloratadine	{'cas-number': '100643-71-8', 'ChEBI': '291342', 'ChEMBL': 'CHEMBL1172', 'drugbank-id': 'DB00967', 'InChIKey': 'JAUOIFJMECXRGI-UHFFFAOYSA-N', 'PubChem Compound': '124087', 'PubChem Substance': '46507996', 'unii': 'FVF865388R'}	5	0.9969895903	0.9528342775	0.5470874601	0.2490422026	0.1746734069	0.3811795716	{'topical', 'oral'}	TRUE	TRUE	TRUE
dextromethorphan	{'cas-number': '125-71-3', 'ChEBI': '4470', 'ChEMBL': 'CHEMBL52440', 'drugbank-id': 'DB00514', 'InChIKey': 'MKXZASYAUGDDCJ-NJAFHUGGSA-N', 'PubChem Compound': '5360696', 'PubChem Substance': '46506530', 'unii': '7355X3ROTS'}	5	0.9964811651	0.9896614586	0.0770673133	0.0554307628	0.0820331045	0.0153374687	{'topical', 'nasal', 'not applicable', 'oral'}	TRUE	TRUE	TRUE
fexofenadine	{'cas-number': '83799-24-0', 'ChEBI': '5050', 'ChEMBL': 'CHEMBL914', 'drugbank-id': 'DB00950', 'InChIKey': 'RWTNPBWLLIMQHL-UHFFFAOYSA-N', 'PubChem Compound': '3348', 'PubChem Substance': '46504676', 'unii': 'E6582LOH6V'}	5	0.983020822	0.5152772324	0.7533964371	0.0733812547	0.0277035909	0.0208268252	{'oral'}	TRUE	TRUE	TRUE
gemfibrozil	{'cas-number': '25812-30-0', 'ChEBI': '5296', 'ChEMBL': 'CHEMBL457', 'drugbank-id': 'DB01241', 'InChIKey': 'HEMJJKBWTPKOJG-UHFFFAOYSA-N', 'PubChem Compound': '3463', 'PubChem Substance': '46508264', 'unii': 'Q8X02027X3'}	5	0.9961581659	0.87370697	0.0268158801	0.3259057196	0.0108865723	0.1500209435	{'oral'}	TRUE	TRUE	TRUE
guaifenesin	{'cas-number': '93-14-1', 'ChEBI': '5551', 'ChEMBL': 'CHEMBL980', 'drugbank-id': 'DB00874', 'InChIKey': 'HSRJKNPTNIJEKV-UHFFFAOYSA-N', 'PubChem Compound': '3516', 'PubChem Substance': '46508004', 'unii': '495W7451VQ'}	5	0.9949353214	0.850112142	0.021636368	0.0810070848	0.0147171362	0.0066068111	{'topical', 'nasal', 'rectal', 'not applicable', 'oral'}	TRUE	TRUE	TRUE
guanfacine	{'cas-number': '29110-47-2', 'ChEBI': '5558', 'ChEMBL': 'CHEMBL862', 'drugbank-id': 'DB01018', 'InChIKey': 'INJOMKTZOLKMBF-UHFFFAOYSA-N', 'PubChem Compound': '3519', 'PubChem Substance': '46506169', 'unii': '30OMY4G3MK'}	5	0.9940558823	0.8308571865	0.0268598554	0.3408409541	0.1586584168	0.0216983875	{'oral'}	TRUE	TRUE	TRUE
levetiracetam	{'cas-number': '102767-28-2', 'ChEBI': '6437', 'ChEMBL': 'CHEMBL1286', 'drugbank-id': 'DB01202', 'InChIKey': 'HPHUVLMMVZITSG-LURJTMIESA-N', 'PubChem Compound': '5284583', 'PubChem Substance': '46508406', 'unii': '44YRR34555'}	5	0.9936802522	0.9616512049	0.0088545982	0.2446875315	0.0016980921	0.0049737579	{'not applicable', 'intravenous', 'oral'}	TRUE	TRUE	TRUE
lidocaine	{'cas-number': '137-58-6', 'ChEBI': '6456', 'ChEMBL': 'CHEMBL79', 'drugbank-id': 'DB00281', 'InChIKey': 'NNJVILVZKWQKPM-UHFFFAOYSA-N', 'PubChem Compound': '3676', 'PubChem Substance': '46505060', 'unii': '98PI200987'}	5	0.9957226889	0.9607020048	0.0176692955	0.1275482263	0.0361296044	0.0446308409	{'intravascular', 'dental', 'urethral', 'intraocular', 'parenteral', 'epidural', 'electro-osmosis', 'intralesional', 'intra-amniotic', 'retrobulbar', 'intravenous', 'endotracheal', 'intramuscular', 'laryngeal', 'intraspinal', 'iontophoresis', 'perineural', 'intradermal', 'submucosal', 'auricular (otic)', 'oral', 'intrathecal', 'ophthalmic', 'cutaneous', 'percutaneous', 'buccal', 'transtracheal', 'intra-articular', 'intrasynovial', 'subarachnoid', 'periodontal', 'topical', 'rectal', 'intracaudal', 'oropharyngeal', 'vaginal', 'subcutaneous', 'respiratory (inhalation)', 'intrathoracic', 'not applicable', 'intrabursal', 'soft tissue', 'infiltration', 'transdermal', 'periarticular'}	TRUE	TRUE	TRUE
memantine	{'cas-number': '19982-08-2', 'ChEBI': '64312', 'ChEMBL': 'CHEMBL807', 'drugbank-id': 'DB01043', 'InChIKey': 'BUGYDGFZZOZRHP-UHFFFAOYSA-N', 'PubChem Compound': '4054', 'PubChem Substance': '46506702', 'unii': 'W8O17SJF3T'}	5	0.9931982458	0.9530087669	0.0304799166	0.1627019182	0.0236635317	0.0212529628	{'oral'}	TRUE	TRUE	TRUE
methylprednisolone	{'cas-number': '83-43-2', 'ChEBI': '6888', 'ChEMBL': 'CHEMBL650', 'drugbank-id': 'DB00959', 'InChIKey': 'VHRSUDSXCMQTMA-PJHHCJLFSA-N', 'PubChem Compound': '6741', 'PubChem Substance': '46504885', 'unii': 'X4W7ZR7023'}	5	0.994588829	0.6799579734	0.3370016974	0.1512332937	0.0756590629	0.0228744849	{'intravascular', 'parenteral', 'epidural', 'intralesional', 'intravenous', 'intramuscular', 'perineural', 'oral', 'intrathecal', 'intrameningeal', 'intrabronchial', 'intrasynovial', 'intra-articular', 'intra-arterial', 'topical', 'intracaudal', 'subcutaneous', 'intrabursal', 'soft tissue', 'infiltration', 'periarticular'}	TRUE	TRUE	TRUE
midodrine	{'cas-number': '42794-76-3', 'ChEBI': '6933', 'ChEMBL': 'CHEMBL1201212', 'drugbank-id': 'DB00211', 'InChIKey': 'PTKSEFOSCHHMPD-UHFFFAOYSA-N', 'PubChem Compound': '4195', 'PubChem Substance': '46507373', 'unii': '6YE7PBM15H'}	5	0.9941974572	0.5439380036	0.0276052086	0.0960257179	0.1034046348	0.0290215325	{'oral'}	TRUE	TRUE	TRUE
alfacalcidol	{'cas-number': '41294-56-8', 'ChEBI': '31186', 'ChEMBL': 'CHEMBL1601669', 'drugbank-id': 'DB01436', 'InChIKey': 'OFHCOWSQAMBJIW-AVJTYSNKSA-N', 'PubChem Compound': '5282181', 'PubChem Substance': '46505115', 'unii': 'URQ2517572'}	4	0.9956055258	0.6902847237	0.6589712814	0.0994645783	0.0569378673	0.0874260898	{'intravenous', 'oral'}	TRUE	TRUE	TRUE
amantadine	{'cas-number': '768-94-5', 'ChEBI': '2618', 'ChEMBL': 'CHEMBL660', 'drugbank-id': 'DB00915', 'InChIKey': 'DKNWSYNQZKUICI-UHFFFAOYSA-N', 'PubChem Compound': '2130', 'PubChem Substance': '46507081', 'unii': 'BF4C9Z1J53'}	4	0.9947038662	0.9590178545	0.0316617165	0.1653867416	0.0100970114	0.0048468235	{'topical', 'oral'}	TRUE	TRUE	TRUE
baclofen	{'cas-number': '1134-47-0', 'ChEBI': '2972', 'ChEMBL': 'CHEMBL701', 'drugbank-id': 'DB00181', 'InChIKey': 'KPYSYYIEGFHWSV-UHFFFAOYSA-N', 'PubChem Compound': '2284', 'PubChem Substance': '46508181', 'unii': 'H789N3FKE8'}	4	0.9939324926	0.7504265696	0.0084741129	0.2053733422	0.0048091002	0.0058147513	{'topical', 'intrathecal', 'oral'}	TRUE	TRUE	TRUE
bisoprolol	{'cas-number': '66722-44-9', 'ChEBI': '3127', 'ChEMBL': 'CHEMBL645', 'drugbank-id': 'DB00612', 'InChIKey': 'VHYCDWMUTMEGQY-UHFFFAOYSA-N', 'PubChem Compound': '2405', 'PubChem Substance': '46508844', 'unii': 'Y41JS2NL6U'}	4	0.9945007443	0.6172274123	0.155781309	0.0984139437	0.0916775584	0.0396609295	{'oral'}	TRUE	TRUE	TRUE
clemastine	{'cas-number': '15686-51-8', 'ChEBI': '3738', 'ChEMBL': 'CHEMBL1626', 'drugbank-id': 'DB00283', 'InChIKey': 'YNNUSGIPVFPVBX-NHCUHLMSSA-N', 'PubChem Compound': '26987', 'PubChem Substance': '46506492', 'unii': '95QN29S1ID'}	4	0.9962602638	0.9759375362	0.6988985776	0.0808508324	0.0865412139	0.0174891847	{'oral'}	TRUE	TRUE	TRUE
flunarizine	{'cas-number': '52468-60-7', 'ChEBI': '135652', 'ChEMBL': 'CHEMBL30008', 'drugbank-id': 'DB04841', 'InChIKey': 'SMANXXCATUTDDT-QPJJXVBHSA-N', 'PubChem Compound': '941361', 'PubChem Substance': '46507129', 'unii': 'R7PLA2DM0J'}	4	0.99469312	0.9601832251	0.863036718	0.2053788872	0.15584724	0.3741565833	{'oral'}	TRUE	TRUE	TRUE
hydroxyurea	{'cas-number': '127-07-1', 'ChEBI': '44423', 'ChEMBL': 'CHEMBL467', 'drugbank-id': 'DB01005', 'InChIKey': 'VSNHCAURESNICA-UHFFFAOYSA-N', 'PubChem Compound': '3657', 'PubChem Substance': '46506927', 'unii': 'X6Q56QN5QC'}	4	0.9791829144	0.8049959977	0.0340178223	0.2577863354	0.0007573177	0.0019061903	{'oral'}	TRUE	TRUE	TRUE
lisdexamfetamine	{'cas-number': '608137-32-2', 'ChEBI': '135925', 'ChEMBL': 'CHEMBL1201222', 'drugbank-id': 'DB01255', 'InChIKey': 'VOBHXZCDAVEXEY-JSGCOSHPSA-N', 'PubChem Compound': '11597698', 'PubChem Substance': '46505358', 'unii': 'H645GUL8KJ'}	4	0.9950077781	0.7937560259	0.0457279419	0.1252882314	0.211595254	0.0251816876	{'oral'}	TRUE	TRUE	TRUE
naloxone	{'cas-number': '465-65-6', 'ChEBI': '7459', 'ChEMBL': 'CHEMBL80', 'drugbank-id': 'DB01183', 'InChIKey': 'UZHSEJADLWPNLE-GRGSLBFTSA-N', 'PubChem Compound': '5284596', 'PubChem Substance': '46508816', 'unii': '36B82AMQ7N'}	4	0.9946825046	0.9766973501	0.0362552897	0.0492715036	0.0161851838	0.0093924294	{'topical', 'nasal', 'sublingual', 'intramuscular', 'buccal', 'parenteral', 'subcutaneous', 'not applicable', 'intravenous', 'oral'}	TRUE	TRUE	TRUE
pregabalin	{'cas-number': '148553-50-8', 'ChEBI': '64356', 'ChEMBL': 'CHEMBL1059', 'drugbank-id': 'DB00230', 'InChIKey': 'AYXYPKUFHZROOJ-ZETCQYMHSA-N', 'PubChem Compound': '5486971', 'PubChem Substance': '46504934', 'unii': '55JG375S6M'}	4	0.991528913	0.6989320913	0.0138509315	0.0690958076	0.0024115988	0.004761295	{'not applicable', 'oral'}	TRUE	TRUE	TRUE
progesterone	{'cas-number': '57-83-0', 'ChEBI': '17026', 'ChEMBL': 'CHEMBL103', 'drugbank-id': 'DB00396', 'InChIKey': 'RJKFOVLPORLFTN-LEKSSAKUSA-N', 'PubChem Compound': '5994', 'PubChem Substance': '46508968', 'unii': '4G7DS2Q64Y'}	4	0.9967814351	0.224789552	0.601473929	0.4204950912	0.0245982925	0.1273965503	{'topical', 'intramuscular', 'vaginal', 'subcutaneous', 'not applicable', 'transdermal', 'oral'}	TRUE	TRUE	TRUE
pseudoephedrine	{'cas-number': '90-82-4', 'ChEBI': '51209', 'ChEMBL': 'CHEMBL1590', 'drugbank-id': 'DB00852', 'InChIKey': 'KWGRBVOPPLSCSI-WCBMZHEXSA-N', 'PubChem Compound': '7028', 'PubChem Substance': '46508190', 'unii': '7CUC9DDI9F'}	4	0.9958433434	0.5740151209	0.0155872898	0.0699944505	0.0075026293	0.0121261765	{'nasal', 'oral'}	TRUE	TRUE	TRUE
succinic acid	{'cas-number': '110-15-6', 'ChEBI': '15741', 'ChEMBL': 'CHEMBL576', 'drugbank-id': 'DB00139', 'InChIKey': 'KDYFGRWQOYBRFD-UHFFFAOYSA-N', 'PubChem Compound': '1110', 'PubChem Substance': '46505859', 'unii': 'AB6MNQ6J6L'}	4	0.8118549444	0.741421301	0.0070935316	0.1835493921	8.19E-05	0.0022398467	{'oral'}	TRUE	TRUE	TRUE
terbinafine	{'cas-number': '91161-71-6', 'ChEBI': '9448', 'ChEMBL': 'CHEMBL822', 'drugbank-id': 'DB00857', 'InChIKey': 'DOMXUEMWDBAQBQ-WEVVVXLNSA-N', 'PubChem Compound': '1549008', 'PubChem Substance': '46508519', 'unii': 'G7RIW8S0XP'}	4	0.9959512213	0.9522445857	0.3129907595	0.3939757448	0.1367278931	0.1148050903	{'topical', 'oral'}	TRUE	TRUE	TRUE
tranexamic acid	{'cas-number': '1197-18-8', 'ChEBI': '48669', 'ChEMBL': 'CHEMBL877', 'drugbank-id': 'DB00302', 'InChIKey': 'GYDJEQRTZSCIOI-LJGSYFOKSA-N', 'PubChem Compound': '5526', 'PubChem Substance': '46508089', 'unii': '6T84R30KC1'}	4	0.9872300948	0.6570995448	0.0109220341	0.1033911697	0.0006443192	0.0002857755	{'topical', 'intravenous', 'cutaneous', 'oral'}	TRUE	TRUE	TRUE
tretinoin	{'cas-number': '302-79-4', 'ChEBI': '15367', 'ChEMBL': 'CHEMBL38', 'drugbank-id': 'DB00755', 'InChIKey': 'SHGAZHPCJJPHSC-YCNIQYBTSA-N', 'PubChem Compound': '5538', 'PubChem Substance': '46504843', 'unii': '5688UTC01R'}	4	0.9944326323	0.8323522311	0.1676068926	0.2686619844	0.0807070793	0.2796989895	{'topical', 'not applicable', 'oral'}	TRUE	TRUE	TRUE
trihexyphenidyl	{'cas-number': '144-11-6', 'ChEBI': '9720', 'ChEMBL': 'CHEMBL1490', 'drugbank-id': 'DB00376', 'InChIKey': 'HWHLPVGTWGOCJO-UHFFFAOYSA-N', 'PubChem Compound': '5572', 'PubChem Substance': '46507717', 'unii': '6RC5V8B7PO'}	4	0.9960152808	0.9725378189	0.1964023806	0.0554120535	0.0293284329	0.0178718402	{'oral'}	TRUE	TRUE	TRUE
acamprosate	{'cas-number': '77337-76-9', 'ChEBI': '51041', 'ChEMBL': 'CHEMBL1201293', 'drugbank-id': 'DB00659', 'InChIKey': 'AFCGFAGUEYAMAO-UHFFFAOYSA-N', 'PubChem Compound': '71158', 'PubChem Substance': '46506657', 'unii': 'N4K14YGM3J'}	3	0.9705819608	0.8691102659	0.0114947798	0.1951547666	0.0006955884	0.0007149503	{'oral'}	TRUE	TRUE	TRUE
eplerenone	{'cas-number': '107724-20-9', 'ChEBI': '31547', 'ChEMBL': 'CHEMBL1095097', 'drugbank-id': 'DB00700', 'InChIKey': 'JUKPWJGBANNWMW-VWBFHTRKSA-N', 'PubChem Compound': '443872', 'PubChem Substance': '46509053', 'unii': '6995V82D0B'}	3	0.9905279282	0.9091744589	0.3319196378	0.3996676024	0.1096024611	0.0332692192	{'oral'}	TRUE	TRUE	TRUE
ethambutol	{'cas-number': '74-55-5', 'ChEBI': '4877', 'ChEMBL': 'CHEMBL44884', 'drugbank-id': 'DB00330', 'InChIKey': 'AEUTYOVWOVBAKS-UWVGGRQHSA-N', 'PubChem Compound': '14052', 'PubChem Substance': '46504788', 'unii': '8G167061QZ'}	3	0.9696451422	0.5868236089	0.0181843421	0.0512393378	0.0006028808	0.0005203098	{'oral'}	TRUE	TRUE	TRUE
ethosuximide	{'cas-number': '77-67-8', 'ChEBI': '4887', 'ChEMBL': 'CHEMBL696', 'drugbank-id': 'DB00593', 'InChIKey': 'HAPOVYFOVVWLRS-UHFFFAOYSA-N', 'PubChem Compound': '3291', 'PubChem Substance': '46507617', 'unii': '5SEH9X1D1D'}	3	0.9899707332	0.9644059323	0.0145353643	0.2966453389	0.0527495693	0.0623353524	{'oral'}	TRUE	TRUE	TRUE
felbamate	{'cas-number': '25451-15-4', 'ChEBI': '4995', 'ChEMBL': 'CHEMBL1094', 'drugbank-id': 'DB00949', 'InChIKey': 'WKGXYQFOCVYPAC-UHFFFAOYSA-N', 'PubChem Compound': '3331', 'PubChem Substance': '46506375', 'unii': 'X72RBB02N8'}	3	0.9945584563	0.9401317832	0.0411029686	0.4436324857	0.0032989847	0.0025378222	{'oral'}	TRUE	TRUE	TRUE
fusidic acid	{'cas-number': '6990-06-3', 'ChEBI': '29013', 'ChEMBL': 'CHEMBL374975', 'drugbank-id': 'DB02703', 'InChIKey': 'IECPWNUMDGFDKC-MZJAQBGESA-N', 'PubChem Compound': '3000226', 'PubChem Substance': '46505364', 'unii': '59XE10C19C'}	3	0.919237597	0.2645779084	0.7606677824	0.2514432575	0.0464160123	0.0099054296	{'topical', 'ophthalmic', 'intravenous', 'oral'}	TRUE	TRUE	TRUE
gamma-hydroxybutyric acid	{'cas-number': '591-81-1', 'ChEBI': '30830', 'ChEMBL': 'CHEMBL1342', 'drugbank-id': 'DB01440', 'InChIKey': 'SJZRECIVHVDYJC-UHFFFAOYSA-N', 'PubChem Compound': '3037032', 'PubChem Substance': '46507548', 'unii': '30IW36W5B2'}	3	0.9493179992	0.6615746959	0.0086696188	0.0738772617	0.0009739408	0.0017763784	{'oral'}	TRUE	TRUE	TRUE
guanabenz	{'cas-number': '5051-62-7', 'ChEBI': '5553', 'ChEMBL': 'CHEMBL420', 'drugbank-id': 'DB00629', 'InChIKey': 'WDZVGELJXXEGPV-YIXHJXPBSA-N', 'PubChem Compound': '3517', 'PubChem Substance': '46505200', 'unii': 'GGD30112WC'}	3	0.9948858679	0.6274841562	0.0495401269	0.3395251941	0.0280547534	0.0288604662	{'oral'}	TRUE	TRUE	TRUE
methsuximide	{'cas-number': '77-41-8', 'ChEBI': '6846', 'ChEMBL': 'CHEMBL697', 'drugbank-id': 'DB05246', 'InChIKey': 'AJXPJJZHWIXJCJ-UHFFFAOYSA-N', 'PubChem Compound': '6476', 'PubChem Substance': '46505339', 'unii': '0G76K8X6C0'}	3	0.9928948604	0.9682192391	0.0198856089	0.2257475799	0.0110265536	0.0939510719	{'oral'}	TRUE	TRUE	TRUE
metyrapone	{'cas-number': '54-36-4', 'ChEBI': '44241', 'ChEMBL': 'CHEMBL934', 'drugbank-id': 'DB01011', 'InChIKey': 'FJLBFSROUSIWMA-UHFFFAOYSA-N', 'PubChem Compound': '4174', 'PubChem Substance': '46504862', 'unii': 'ZS9KD92H6V'}	3	0.9961199948	0.9631841756	0.0192240655	0.2869760504	0.4750988699	0.0295778701	{'oral'}	TRUE	TRUE	TRUE
misoprostol	{'cas-number': '59122-46-2', 'ChEBI': '63610', 'ChEMBL': 'CHEMBL606', 'drugbank-id': 'DB00929', 'InChIKey': 'OJLOPKGSLYJEMD-URPKTTJQSA-N', 'PubChem Compound': '5282381', 'PubChem Substance': '46505041', 'unii': '0E43V0BB57'}	3	0.9890574879	0.721472987	0.4797544826	0.1211819031	0.3419181329	0.0136451076	{'oral', 'buccal'}	TRUE	TRUE	TRUE
moclobemide	{'cas-number': '71320-77-9', 'ChEBI': '83531', 'ChEMBL': 'CHEMBL86304', 'drugbank-id': 'DB01171', 'InChIKey': 'YHXISWVBGDMDLQ-UHFFFAOYSA-N', 'PubChem Compound': '4235', 'PubChem Substance': '46504667', 'unii': 'PJ0Y7AZB63'}	3	0.9970012761	0.9740061292	0.0227663935	0.2952732149	0.0276428766	0.0111825463	{'oral'}	TRUE	TRUE	TRUE
nitroglycerin	{'cas-number': '55-63-0', 'ChEBI': '28787', 'ChEMBL': 'CHEMBL730', 'drugbank-id': 'DB00727', 'InChIKey': 'SNIOPGDIGTZGOP-UHFFFAOYSA-N', 'PubChem Compound': '4510', 'PubChem Substance': '46509120', 'unii': 'G59M7S0WS3'}	3	0.963436814	0.685056524	0.0294825245	0.3016741982	0.0522911486	0.1100621043	{'topical', 'sublingual', 'intramuscular', 'buccal', 'rectal', 'transmucosal', 'subcutaneous', 'respiratory (inhalation)', 'transdermal', 'intravenous', 'oral'}	TRUE	TRUE	TRUE
oxymetazoline	{'cas-number': '1491-59-4', 'ChEBI': '7862', 'ChEMBL': 'CHEMBL762', 'drugbank-id': 'DB00935', 'InChIKey': 'WYWIFABBXFUGLM-UHFFFAOYSA-N', 'PubChem Compound': '4636', 'PubChem Substance': '46505622', 'unii': '8VLN5B44ZY'}	3	0.9962165078	0.885572384	0.5717762051	0.188318037	0.0295181596	0.0133673506	{'topical', 'nasal', 'ophthalmic', 'oral'}	TRUE	TRUE	TRUE
paricalcitol	{'cas-number': '131918-61-1', 'ChEBI': '7931', 'ChEMBL': 'CHEMBL1200622', 'drugbank-id': 'DB00910', 'InChIKey': 'BPKAHTKRCLCHEA-UBFJEZKGSA-N', 'PubChem Compound': '5281104', 'PubChem Substance': '46505780', 'unii': '6702D36OG5'}	3	0.9939686765	0.6612812079	0.5251294996	0.112862366	0.2047118065	0.049339678	{'intravenous', 'oral'}	TRUE	TRUE	TRUE
pentobarbital	{'cas-number': '76-74-4', 'ChEBI': '7983', 'ChEMBL': 'CHEMBL448', 'drugbank-id': 'DB00312', 'InChIKey': 'WEXRUCMBJFQVBZ-UHFFFAOYSA-N', 'PubChem Compound': '4737', 'PubChem Substance': '46508399', 'unii': 'I4744080IR'}	3	0.9933293597	0.9316901669	0.0229792609	0.422990636	0.0168817168	0.074199369	{'rectal', 'intravenous', 'intramuscular', 'oral'}	TRUE	TRUE	TRUE
perphenazine	{'cas-number': '58-39-9', 'ChEBI': '8028', 'ChEMBL': 'CHEMBL567', 'drugbank-id': 'DB00850', 'InChIKey': 'RGCVKNLCSQQDEP-UHFFFAOYSA-N', 'PubChem Compound': '4748', 'PubChem Substance': '46507058', 'unii': 'FTA7XXY4EZ'}	3	0.9955163938	0.9899062487	0.8592663344	0.4830721924	0.1973534919	0.0313864029	{'intravenous', 'intramuscular', 'oral'}	TRUE	TRUE	TRUE
primidone	{'cas-number': '125-33-7', 'ChEBI': '8412', 'ChEMBL': 'CHEMBL856', 'drugbank-id': 'DB00794', 'InChIKey': 'DQMZLTXERSFNPB-UHFFFAOYSA-N', 'PubChem Compound': '4909', 'PubChem Substance': '46507775', 'unii': '13AFD7670Q'}	3	0.9938060534	0.9292865703	0.0135331912	0.2819771311	0.0430067228	0.0162414936	{'oral'}	TRUE	TRUE	TRUE
pyridostigmine	{'cas-number': '155-97-5', 'ChEBI': '8665', 'ChEMBL': 'CHEMBL1115', 'drugbank-id': 'DB00545', 'InChIKey': 'RVOLLAQWKVFTGE-UHFFFAOYSA-N', 'PubChem Compound': '4991', 'PubChem Substance': '46506129', 'unii': '19QM69HH21'}	3	0.9862945272	0.9307588129	0.0173696273	0.2802633548	0.0024635195	0.0038281222	{'parenteral', 'intravenous', 'intramuscular', 'oral'}	TRUE	TRUE	TRUE
rivastigmine	{'cas-number': '123441-03-2', 'ChEBI': '8874', 'ChEMBL': 'CHEMBL636', 'drugbank-id': 'DB00989', 'InChIKey': 'XSVMFMHYUFZWBK-NSHDSACASA-N', 'PubChem Compound': '77991', 'PubChem Substance': '46507452', 'unii': 'PKI06M3IW0'}	3	0.9950578349	0.9677204816	0.0176169585	0.1275095874	0.0477363096	0.0073547327	{'transdermal', 'oral'}	TRUE	TRUE	TRUE
tramadol	{'cas-number': '27203-92-5', 'ChEBI': '75722', 'ChEMBL': 'CHEMBL1237044', 'drugbank-id': 'DB00193', 'InChIKey': 'TVYLLZQTGLZFBW-UHFFFAOYSA-N', 'PubChem Compound': '33741', 'PubChem Substance': '46506256', 'unii': '39J1LGJ30J'}	3	0.9970279299	0.9542428227	0.0447074216	0.07814469	0.0791090381	0.0091074625	{'topical', 'not applicable', 'oral'}	TRUE	TRUE	TRUE
vigabatrin	{'cas-number': '68506-86-5', 'ChEBI': '63638', 'ChEMBL': 'CHEMBL89598', 'drugbank-id': 'DB01080', 'InChIKey': 'PJDFLNIOAUIZSL-UHFFFAOYSA-N', 'PubChem Compound': '5665', 'PubChem Substance': '46507052', 'unii': 'GR120KRT6K'}	3	0.985614981	0.7280919306	0.0128722368	0.0813840635	0.0007035919	0.0036027329	{'oral'}	TRUE	TRUE	TRUE