Main Name	search term	score	Human Intestinal Absorption	Blood Brain Barrier	P-glycoprotein Inhibition	Drug Induced Liver Injury	CYP3A4 Inhibition	CYP2C9 Inhibition	DrugBank:Routes	DrugBank:FDA Approved	Less than $500	Pediatric Safety
acetaminophen	['increased reactive oxygen species production', 'lrrk2 (human)', 'movement disorder', 'drd2 (human)', 'spasticity', 'spag9 (human)', 'ntrk2 (human)', 'neuroinflammation', 'inborn disorder of neurotransmitter metabolism and transport', 'autism', 'generalized dystonia', 'arf6 (human)', 'neurodegenerative disease', 'axonal neuropathy']	❌ NO MATCH	0.9927615137	0.9359446613	0.0124677374	0.2638209078	0.0318147688	0.0334468611	{'rectal', 'topical', 'oral', 'respiratory (inhalation)', 'not applicable', 'ophthalmic', 'nasal', 'intravenous'}	1	TRUE	TRUE
calcium chloride	axonal neuropathy	❌ NO MATCH	0.9872220764	0.9443112755	0.0240266812	0.1077332311	0.0062605379	0.0078550527	{'irrigation', 'parenteral', 'buccal', 'intrathecal', 'intraventricular', 'intraperitoneal', 'intraocular', 'topical', 'hemodialysis', 'dental', 'oral', 'ophthalmic', 'intra-arterial', 'intravenous'}	1	TRUE	TRUE
acetylcysteine	['increased reactive oxygen species production', 'lrrk2 (human)', 'movement disorder', 'cerebellar ataxia', 'spag9 (human)', 'neurodevelopmental disorder', 'ntrk2 (human)', 'neuroinflammation', 'inborn disorder of neurotransmitter metabolism and transport', 'autism', 'generalized dystonia', 'arf6 (human)', 'neurodegenerative disease', 'axonal neuropathy']	6	0.9750061924	0.6884013068	0.0062169445	0.2103022993	0.00087124	0.0015382506	{'intramuscular', 'oral', 'respiratory (inhalation)', 'intravenous'}	1	TRUE	TRUE
amitriptyline	['movement disorder', 'cerebellar ataxia', 'intellectual disability', 'spasticity', 'ntrk2 (human)', 'neuroinflammation', 'autism', 'generalized dystonia', 'inborn disorder of neurotransmitter metabolism and transport', 'axonal neuropathy']	6	0.9969217344	0.986974623	0.6932192991	0.1981365699	0.2581484595	0.0760936865	{'oral', 'topical'}	1	TRUE	TRUE
azelaic acid	['mapk8 (human)', 'lrrk2 (human)']	6	0.7078978633	0.7754936393	0.0081235747	0.1871451921	0.0003309446	0.0054149154	{'cutaneous', 'oral', 'topical'}	1	TRUE	TRUE
betamethasone	['arf6 (human)', 'cerebellar ataxia', 'cdk5 (human)', 'inborn disorder of neurotransmitter metabolism and transport', 'axonal neuropathy']	6	0.9932225293	0.7130232304	0.1704179436	0.1705295288	0.0528670516	0.0050397405	{'perineural', 'intramuscular', 'intrabursal', 'auricular (otic)', 'infiltration', 'epidural', 'topical', 'intravascular', 'oral', 'intravenous', 'rectal', 'intrathecal', 'intradermal', 'intra-articular', 'soft tissue', 'cutaneous', 'intraspinal', 'intralesional', 'ophthalmic'}	1	TRUE	TRUE
biotin	['lrrk2 (human)', 'movement disorder', 'cerebellar ataxia', 'intellectual disability', 'neuroinflammation', 'autism', 'generalized dystonia', 'inborn disorder of neurotransmitter metabolism and transport', 'neurodegenerative disease', 'axonal neuropathy']	6	0.9453523911	0.610813498	0.016921762	0.2349649545	0.0026427428	0.0006083571	{'cutaneous', 'oral', 'topical', 'intravenous'}	1	TRUE	TRUE
budesonide	['lrrk2 (human)', 'neuroinflammation', 'inborn disorder of neurotransmitter metabolism and transport', 'cdk5 (human)']	6	0.9923607114	0.9707924453	0.2514899763	0.2823980732	0.235625809	0.0220436459	{'rectal', 'cutaneous', 'oral', 'respiratory (inhalation)', 'not applicable', 'nasal'}	1	TRUE	TRUE
buspirone	['movement disorder', 'cerebellar ataxia', 'intellectual disability', 'spasticity', 'neurodevelopmental disorder', 'inborn disorder of neurotransmitter metabolism and transport', 'autism', 'generalized dystonia', 'drd1 (human)', 'neurodegenerative disease', 'axonal neuropathy']	6	0.9926834405	0.9705618964	0.3264386712	0.178868901	0.1049201288	0.1426598241	{'oral', 'not applicable'}	1	TRUE	TRUE
clonidine	['movement disorder', 'spasticity', 'autism', 'generalized dystonia', 'axonal neuropathy', 'inborn disorder of neurotransmitter metabolism and transport', 'neurodegenerative disease', 'intellectual disability']	6	0.9942425168	0.9335289405	0.0255770787	0.2648746612	0.0038707304	0.0093848903	{'transdermal', 'oral', 'intravenous', 'epidural'}	1	TRUE	TRUE
cyproheptadine	['generalized dystonia', 'neurodevelopmental disorder', 'cerebral atrophy', 'inborn disorder of neurotransmitter metabolism and transport']	6	0.9953253268	0.9843415362	0.8798690186	0.2946239781	0.3488762419	0.1334409235	{'oral', 'not applicable'}	1	TRUE	TRUE
desvenlafaxine	['axonal neuropathy', 'autism']	6	0.9947910187	0.809410056	0.0332870008	0.0593383003	0.0097013513	0.0068041277	{'oral'}	1	TRUE	TRUE
escitalopram	['movement disorder', 'cerebellar ataxia', 'spag9 (human)', 'neurodevelopmental disorder', 'autism', 'generalized dystonia', 'inborn disorder of neurotransmitter metabolism and transport', 'neurodegenerative disease', 'axonal neuropathy']	6	0.9933702336	0.9620053659	0.1783148439	0.1387503863	0.025194368	0.0036795028	{'oral'}	1	TRUE	TRUE
gabapentin	['movement disorder', 'cerebellar ataxia', 'intellectual disability', 'spasticity', 'neurodevelopmental disorder', 'spastic diplegia', 'ntrk2 (human)', 'autism', 'generalized dystonia', 'inborn disorder of neurotransmitter metabolism and transport', 'neurodegenerative disease', 'axonal neuropathy']	6	0.9949511682	0.9167903331	0.0078341423	0.1078927868	0.0055762987	0.0137754851	{'not applicable', 'cutaneous', 'oral', 'topical'}	1	TRUE	TRUE
glutamic acid	['lrrk2 (human)', 'neurodevelopmental disorder', 'ntrk2 (human)', 'autism', 'axonal neuropathy', 'intellectual disability']	6	0.9730797613	0.5129646899	0.0080917982	0.1406333591	0.0006902313	0.0062250351	{'cutaneous', 'oral', 'topical', 'intravenous'}	1	TRUE	TRUE
hydroxyzine	['inborn disorder of neurotransmitter metabolism and transport', 'axonal neuropathy']	6	0.9942232344	0.9127730683	0.7291650511	0.0760412384	0.1584057209	0.1878095191	{'intramuscular', 'sublingual', 'oral'}	1	TRUE	TRUE
metformin	['increased reactive oxygen species production', 'lrrk2 (human)', 'movement disorder', 'drd2 (human)', 'cerebellar ataxia', 'intellectual disability', 'spag9 (human)', 'neurodevelopmental disorder', 'spastic diplegia', 'ntrk2 (human)', 'neuroinflammation', 'autism', 'inborn disorder of neurotransmitter metabolism and transport', 'generalized dystonia', 'arf6 (human)', 'neurodegenerative disease', 'axonal neuropathy']	6	0.9711515714	0.6405290761	0.0299544577	0.0779986519	0.0032646198	0.0030989068	{'oral', 'not applicable'}	1	TRUE	TRUE
metoprolol	['increased reactive oxygen species production', 'movement disorder', 'autism', 'axonal neuropathy', 'inborn disorder of neurotransmitter metabolism and transport', 'intellectual disability']	6	0.9956387745	0.8465716479	0.0646611352	0.0883883672	0.0648173563	0.021937971	{'oral', 'not applicable', 'intravenous'}	1	TRUE	TRUE
oseltamivir	['neuroinflammation', 'ntrk2 (human)']	6	0.9942805098	0.8491089457	0.0401154727	0.2192931539	0.0456702576	0.0284280219	{'oral'}	1	TRUE	TRUE
propranolol	['lrrk2 (human)', 'movement disorder', 'cerebellar ataxia', 'neurodevelopmental disorder', 'ntrk2 (human)', 'neuroinflammation', 'inborn disorder of neurotransmitter metabolism and transport', 'autism', 'generalized dystonia', 'arf6 (human)', 'neurodegenerative disease', 'axonal neuropathy']	6	0.9963829418	0.6028237075	0.1423310062	0.1399007758	0.4224926616	0.0483986744	{'oral', 'intravenous'}	1	TRUE	TRUE
pyridoxine	['increased reactive oxygen species production', 'movement disorder', 'cerebellar ataxia', 'neurodevelopmental disorder', 'hypotonia', 'autism', 'generalized dystonia', 'inborn disorder of neurotransmitter metabolism and transport']	6	0.9864176723	0.6089579299	0.0238434105	0.1069265592	0.0082446823	0.005849196	{'cutaneous', 'topical', 'dental', 'transdermal', 'intramuscular', 'oral', 'ophthalmic', 'intravenous'}	1	TRUE	TRUE
triamcinolone	['cdk5 (human)', 'spasticity', 'neurodevelopmental disorder', 'neuroinflammation', 'axonal neuropathy', 'drd1 (human)', 'intellectual disability']	6	0.9874542498	0.5382120628	0.1016503443	0.2060012842	0.0419561321	0.0024840833	{'perineural', 'intramuscular', 'respiratory (inhalation)', 'intrabursal', 'intra-arterial', 'intrasynovial', 'infiltration', 'parenteral', 'buccal', 'epidural', 'subcutaneous', 'topical', 'dental', 'intravascular', 'oral', 'periarticular', 'intravenous', 'intrathecal', 'intradermal', 'intra-articular', 'intracaudal', 'soft tissue', 'intravitreal', 'intralesional', 'ophthalmic', 'nasal'}	1	TRUE	TRUE
atomoxetine	['movement disorder', 'autism', 'generalized dystonia', 'axonal neuropathy', 'inborn disorder of neurotransmitter metabolism and transport', 'neurodegenerative disease', 'intellectual disability']	5	0.9964816818	0.9487553435	0.1911493634	0.1279725354	0.0409701797	0.0293297353	{'oral'}	1	TRUE	TRUE
calcitriol	['lrrk2 (human)', 'cerebellar ataxia', 'spag9 (human)', 'ntrk2 (human)', 'neuroinflammation', 'inborn disorder of neurotransmitter metabolism and transport', 'arf6 (human)', 'neurodegenerative disease', 'axonal neuropathy']	5	0.9939736994	0.654870169	0.5502206376	0.078336732	0.059725113	0.0595574329	{'oral', 'topical', 'intravenous'}	1	TRUE	TRUE
captopril	['movement disorder', 'mapk8 (human)', 'neuroinflammation', 'arf6 (human)', 'intellectual disability']	5	0.9882524703	0.8258138684	0.0117413753	0.3662746045	0.0003191914	0.0017843374	{'oral', 'not applicable'}	1	TRUE	TRUE
cholecalciferol	['increased reactive oxygen species production', 'lrrk2 (human)', 'intellectual disability', 'cdk5 (human)', 'spag9 (human)', 'neurodevelopmental disorder', 'ntrk2 (human)', 'neuroinflammation', 'inborn disorder of neurotransmitter metabolism and transport', 'autism', 'generalized dystonia', 'arf6 (human)', 'neurodegenerative disease', 'axonal neuropathy']	5	0.9962239643	0.7982973586	0.6662697205	0.1240301526	0.0948433035	0.0573014773	{'cutaneous', 'oral', 'topical', 'intravenous'}	1	TRUE	TRUE
desloratadine	drd1 (human)	5	0.9969895903	0.9528342775	0.5470874601	0.2490422026	0.1746734069	0.3811795716	{'oral', 'topical'}	1	TRUE	TRUE
dextromethorphan	['increased reactive oxygen species production', 'movement disorder', 'spasticity', 'neurodevelopmental disorder', 'autism', 'inborn disorder of neurotransmitter metabolism and transport', 'neurodegenerative disease', 'axonal neuropathy']	5	0.9964811651	0.9896614586	0.0770673133	0.0554307628	0.0820331045	0.0153374687	{'not applicable', 'nasal', 'oral', 'topical'}	1	TRUE	TRUE
fexofenadine	axonal neuropathy	5	0.983020822	0.5152772324	0.7533964371	0.0733812547	0.0277035909	0.0208268252	{'oral'}	1	TRUE	TRUE
gemfibrozil	mapk8 (human)	5	0.9961581659	0.87370697	0.0268158801	0.3259057196	0.0108865723	0.1500209435	{'oral'}	1	TRUE	TRUE
guaifenesin	['axonal neuropathy', 'autism']	5	0.9949353214	0.850112142	0.021636368	0.0810070848	0.0147171362	0.0066068111	{'rectal', 'topical', 'oral', 'not applicable', 'nasal'}	1	TRUE	TRUE
guanfacine	['movement disorder', 'neurodevelopmental disorder', 'autism', 'axonal neuropathy', 'inborn disorder of neurotransmitter metabolism and transport', 'neurodegenerative disease', 'intellectual disability']	5	0.9940558823	0.8308571865	0.0268598554	0.3408409541	0.1586584168	0.0216983875	{'oral'}	1	TRUE	TRUE
levetiracetam	['movement disorder', 'cerebellar ataxia', 'intellectual disability', 'spasticity', 'spag9 (human)', 'neurodevelopmental disorder', 'mtor (human)', 'ntrk2 (human)', 'neuroinflammation', 'autism', 'inborn disorder of neurotransmitter metabolism and transport', 'generalized dystonia', 'drd1 (human)', 'neurodegenerative disease', 'axonal neuropathy']	5	0.9936802522	0.9616512049	0.0088545982	0.2446875315	0.0016980921	0.0049737579	{'oral', 'not applicable', 'intravenous'}	1	TRUE	TRUE
lidocaine	['lrrk2 (human)', 'movement disorder', 'spasticity', 'neuroinflammation', 'inborn disorder of neurotransmitter metabolism and transport', 'muscle stiffness', 'autism', 'generalized dystonia', 'arf6 (human)', 'axonal neuropathy']	5	0.9957226889	0.9607020048	0.0176692955	0.1275482263	0.0361296044	0.0446308409	{'perineural', 'intramuscular', 'respiratory (inhalation)', 'intrabursal', 'submucosal', 'urethral', 'auricular (otic)', 'intrasynovial', 'iontophoresis', 'infiltration', 'parenteral', 'buccal', 'epidural', 'subcutaneous', 'topical', 'dental', 'intravascular', 'transdermal', 'electro-osmosis', 'oral', 'percutaneous', 'periarticular', 'intravenous', 'rectal', 'intrathecal', 'intra-amniotic', 'vaginal', 'subarachnoid', 'intraocular', 'not applicable', 'intradermal', 'endotracheal', 'intrathoracic', 'intra-articular', 'intracaudal', 'transtracheal', 'soft tissue', 'cutaneous', 'periodontal', 'intraspinal', 'intralesional', 'laryngeal', 'oropharyngeal', 'ophthalmic', 'retrobulbar'}	1	TRUE	TRUE
memantine	['increased reactive oxygen species production', 'lrrk2 (human)', 'movement disorder', 'cerebellar ataxia', 'cerebral atrophy', 'intellectual disability', 'spasticity', 'neurodevelopmental disorder', 'ntrk2 (human)', 'neuroinflammation', 'inborn disorder of neurotransmitter metabolism and transport', 'autism', 'generalized dystonia', 'arf6 (human)', 'neurodegenerative disease', 'axonal neuropathy']	5	0.9931982458	0.9530087669	0.0304799166	0.1627019182	0.0236635317	0.0212529628	{'oral'}	1	TRUE	TRUE
methylprednisolone	['lrrk2 (human)', 'movement disorder', 'cerebellar ataxia', 'intellectual disability', 'spasticity', 'neurodevelopmental disorder', 'mtor (human)', 'ntrk2 (human)', 'neuroinflammation', 'autism', 'drd1 (human)', 'inborn disorder of neurotransmitter metabolism and transport', 'generalized dystonia', 'arf6 (human)', 'neurodegenerative disease', 'axonal neuropathy']	5	0.994588829	0.6799579734	0.3370016974	0.1512332937	0.0756590629	0.0228744849	{'perineural', 'intramuscular', 'intrabursal', 'intra-arterial', 'intrasynovial', 'infiltration', 'parenteral', 'epidural', 'subcutaneous', 'topical', 'intravascular', 'oral', 'periarticular', 'intrabronchial', 'intravenous', 'intrathecal', 'intra-articular', 'intrameningeal', 'intracaudal', 'soft tissue', 'intralesional'}	1	TRUE	TRUE
midodrine	['movement disorder', 'cerebellar ataxia', 'generalized dystonia', 'inborn disorder of neurotransmitter metabolism and transport', 'neurodegenerative disease']	5	0.9941974572	0.5439380036	0.0276052086	0.0960257179	0.1034046348	0.0290215325	{'oral'}	1	TRUE	TRUE
alfacalcidol	axonal neuropathy	4	0.9956055258	0.6902847237	0.6589712814	0.0994645783	0.0569378673	0.0874260898	{'oral', 'intravenous'}	1	TRUE	TRUE
amantadine	['movement disorder', 'cerebellar ataxia', 'spasticity', 'neurodevelopmental disorder', 'autism', 'generalized dystonia', 'inborn disorder of neurotransmitter metabolism and transport', 'neurodegenerative disease', 'axonal neuropathy']	4	0.9947038662	0.9590178545	0.0316617165	0.1653867416	0.0100970114	0.0048468235	{'oral', 'topical'}	1	TRUE	TRUE
bisoprolol	['generalized dystonia', 'axonal neuropathy']	4	0.9945007443	0.6172274123	0.155781309	0.0984139437	0.0916775584	0.0396609295	{'oral'}	1	TRUE	TRUE
clemastine	['neuroinflammation', 'neurodevelopmental disorder', 'neurodegenerative disease', 'autism']	4	0.9962602638	0.9759375362	0.6988985776	0.0808508324	0.0865412139	0.0174891847	{'oral'}	1	TRUE	TRUE
flunarizine	['movement disorder', 'cerebellar ataxia', 'neurodevelopmental disorder', 'autism', 'inborn disorder of neurotransmitter metabolism and transport']	4	0.99469312	0.9601832251	0.863036718	0.2053788872	0.15584724	0.3741565833	{'oral'}	1	TRUE	TRUE
hydroxyurea	['increased reactive oxygen species production', 'lrrk2 (human)', 'movement disorder', 'arf6 (human)', 'neurodegenerative disease']	4	0.9791829144	0.8049959977	0.0340178223	0.2577863354	0.0007573177	0.0019061903	{'oral'}	1	TRUE	TRUE
lisdexamfetamine	['inborn disorder of neurotransmitter metabolism and transport', 'autism']	4	0.9950077781	0.7937560259	0.0457279419	0.1252882314	0.211595254	0.0251816876	{'oral'}	1	TRUE	TRUE
naloxone	['lrrk2 (human)', 'movement disorder', 'mapk8 (human)', 'neurodevelopmental disorder', 'ntrk2 (human)', 'neuroinflammation', 'inborn disorder of neurotransmitter metabolism and transport', 'autism', 'drd1 (human)', 'generalized dystonia', 'arf6 (human)', 'neurodegenerative disease', 'axonal neuropathy']	4	0.9946825046	0.9766973501	0.0362552897	0.0492715036	0.0161851838	0.0093924294	{'parenteral', 'buccal', 'subcutaneous', 'sublingual', 'topical', 'intramuscular', 'oral', 'not applicable', 'nasal', 'intravenous'}	1	TRUE	TRUE
pregabalin	['increased reactive oxygen species production', 'movement disorder', 'cerebellar ataxia', 'intellectual disability', 'spasticity', 'ntrk2 (human)', 'neuroinflammation', 'autism', 'generalized dystonia', 'inborn disorder of neurotransmitter metabolism and transport', 'axonal neuropathy']	4	0.991528913	0.6989320913	0.0138509315	0.0690958076	0.0024115988	0.004761295	{'oral', 'not applicable'}	1	TRUE	TRUE
progesterone	['lrrk2 (human)', 'movement disorder', 'cerebellar ataxia', 'cdk5 (human)', 'spasticity', 'spag9 (human)', 'mapk8 (human)', 'neurodevelopmental disorder', 'ntrk2 (human)', 'neuroinflammation', 'inborn disorder of neurotransmitter metabolism and transport', 'autism', 'generalized dystonia', 'arf6 (human)', 'neurodegenerative disease', 'axonal neuropathy']	4	0.9967814351	0.224789552	0.601473929	0.4204950912	0.0245982925	0.1273965503	{'subcutaneous', 'topical', 'transdermal', 'intramuscular', 'oral', 'not applicable', 'vaginal'}	1	TRUE	TRUE
pseudoephedrine	['mapk8 (human)', 'neurodegenerative disease', 'axonal neuropathy', 'movement disorder']	4	0.9958433434	0.5740151209	0.0155872898	0.0699944505	0.0075026293	0.0121261765	{'nasal', 'oral'}	1	TRUE	TRUE
succinic acid	cerebellar ataxia	4	0.8118549444	0.741421301	0.0070935316	0.1835493921	8.19E-05	0.0022398467	{'oral'}	1	TRUE	TRUE
terbinafine	axonal neuropathy	4	0.9959512213	0.9522445857	0.3129907595	0.3939757448	0.1367278931	0.1148050903	{'oral', 'topical'}	1	TRUE	TRUE
tranexamic acid	['axonal neuropathy', 'inborn disorder of neurotransmitter metabolism and transport', 'neurodegenerative disease', 'autism']	4	0.9872300948	0.6570995448	0.0109220341	0.1033911697	0.0006443192	0.0002857755	{'cutaneous', 'oral', 'topical', 'intravenous'}	1	TRUE	TRUE
tretinoin	['increased reactive oxygen species production', 'lrrk2 (human)', 'spag9 (human)', 'mapk8 (human)', 'ntrk2 (human)', 'neuroinflammation', 'inborn disorder of neurotransmitter metabolism and transport', 'generalized dystonia', 'arf6 (human)', 'neurodegenerative disease', 'axonal neuropathy']	4	0.9944326323	0.8323522311	0.1676068926	0.2686619844	0.0807070793	0.2796989895	{'oral', 'not applicable', 'topical'}	1	TRUE	TRUE
trihexyphenidyl	['movement disorder', 'spasticity', 'generalized dystonia', 'inborn disorder of neurotransmitter metabolism and transport', 'neurodegenerative disease']	4	0.9960152808	0.9725378189	0.1964023806	0.0554120535	0.0293284329	0.0178718402	{'oral'}	1	TRUE	TRUE
acamprosate	['neurodevelopmental disorder', 'autism', 'movement disorder']	3	0.9705819608	0.8691102659	0.0114947798	0.1951547666	0.0006955884	0.0007149503	{'oral'}	1	TRUE	TRUE
eplerenone	['increased reactive oxygen species production', 'lrrk2 (human)', 'ntrk2 (human)', 'axonal neuropathy']	3	0.9905279282	0.9091744589	0.3319196378	0.3996676024	0.1096024611	0.0332692192	{'oral'}	1	TRUE	TRUE
ethambutol	neurodegenerative disease	3	0.9696451422	0.5868236089	0.0181843421	0.0512393378	0.0006028808	0.0005203098	{'oral'}	1	TRUE	TRUE
ethosuximide	['movement disorder', 'cerebellar ataxia', 'neurodevelopmental disorder', 'autism', 'neurodegenerative disease']	3	0.9899707332	0.9644059323	0.0145353643	0.2966453389	0.0527495693	0.0623353524	{'oral'}	1	TRUE	TRUE
felbamate	['neurodegenerative disease', 'autism']	3	0.9945584563	0.9401317832	0.0411029686	0.4436324857	0.0032989847	0.0025378222	{'oral'}	1	TRUE	TRUE
fusidic acid	arf6 (human)	3	0.919237597	0.2645779084	0.7606677824	0.2514432575	0.0464160123	0.0099054296	{'ophthalmic', 'oral', 'topical', 'intravenous'}	1	TRUE	TRUE
gamma-hydroxybutyric acid	['movement disorder', 'neurodevelopmental disorder', 'generalized dystonia', 'inborn disorder of neurotransmitter metabolism and transport', 'axonal neuropathy']	3	0.9493179992	0.6615746959	0.0086696188	0.0738772617	0.0009739408	0.0017763784	{'oral'}	1	TRUE	TRUE
guanabenz	['cerebellar ataxia', 'neurodegenerative disease', 'movement disorder']	3	0.9948858679	0.6274841562	0.0495401269	0.3395251941	0.0280547534	0.0288604662	{'oral'}	1	TRUE	TRUE
methsuximide	['autism', 'movement disorder']	3	0.9928948604	0.9682192391	0.0198856089	0.2257475799	0.0110265536	0.0939510719	{'oral'}	1	TRUE	TRUE
metyrapone	generalized dystonia	3	0.9961199948	0.9631841756	0.0192240655	0.2869760504	0.4750988699	0.0295778701	{'oral'}	1	TRUE	TRUE
misoprostol	['axonal neuropathy', 'movement disorder']	3	0.9890574879	0.721472987	0.4797544826	0.1211819031	0.3419181329	0.0136451076	{'oral', 'buccal'}	1	TRUE	TRUE
nitroglycerin	['lrrk2 (human)', 'inborn disorder of neurotransmitter metabolism and transport']	3	0.963436814	0.685056524	0.0294825245	0.3016741982	0.0522911486	0.1100621043	{'rectal', 'buccal', 'subcutaneous', 'sublingual', 'topical', 'transdermal', 'intramuscular', 'oral', 'respiratory (inhalation)', 'transmucosal', 'intravenous'}	1	TRUE	TRUE
oxymetazoline	['inborn disorder of neurotransmitter metabolism and transport', 'axonal neuropathy', 'movement disorder']	3	0.9962165078	0.885572384	0.5717762051	0.188318037	0.0295181596	0.0133673506	{'ophthalmic', 'nasal', 'oral', 'topical'}	1	TRUE	TRUE
paricalcitol	['increased reactive oxygen species production', 'neuroinflammation']	3	0.9939686765	0.6612812079	0.5251294996	0.112862366	0.2047118065	0.049339678	{'oral', 'intravenous'}	1	TRUE	TRUE
pentobarbital	['cerebellar ataxia', 'neurodegenerative disease', 'autism']	3	0.9933293597	0.9316901669	0.0229792609	0.422990636	0.0168817168	0.074199369	{'rectal', 'intramuscular', 'oral', 'intravenous'}	1	TRUE	TRUE
perphenazine	neurodegenerative disease	3	0.9955163938	0.9899062487	0.8592663344	0.4830721924	0.1973534919	0.0313864029	{'intramuscular', 'oral', 'intravenous'}	1	TRUE	TRUE
primidone	['movement disorder', 'cerebellar ataxia', 'autism', 'generalized dystonia', 'inborn disorder of neurotransmitter metabolism and transport']	3	0.9938060534	0.9292865703	0.0135331912	0.2819771311	0.0430067228	0.0162414936	{'oral'}	1	TRUE	TRUE
pyridostigmine	['movement disorder', 'cerebellar ataxia', 'generalized dystonia', 'inborn disorder of neurotransmitter metabolism and transport', 'neurodegenerative disease', 'axonal neuropathy']	3	0.9862945272	0.9307588129	0.0173696273	0.2802633548	0.0024635195	0.0038281222	{'intramuscular', 'oral', 'parenteral', 'intravenous'}	1	TRUE	TRUE
rivastigmine	['lrrk2 (human)', 'movement disorder', 'cerebellar ataxia', 'cerebral atrophy', 'mapk8 (human)', 'autism', 'generalized dystonia', 'inborn disorder of neurotransmitter metabolism and transport', 'neurodegenerative disease']	3	0.9950578349	0.9677204816	0.0176169585	0.1275095874	0.0477363096	0.0073547327	{'transdermal', 'oral'}	1	TRUE	TRUE
tramadol	['movement disorder', 'axonal neuropathy', 'inborn disorder of neurotransmitter metabolism and transport', 'neurodegenerative disease', 'spag9 (human)']	3	0.9970279299	0.9542428227	0.0447074216	0.07814469	0.0791090381	0.0091074625	{'oral', 'not applicable', 'topical'}	1	TRUE	TRUE
vigabatrin	['movement disorder', 'cerebellar ataxia', 'intellectual disability', 'spasticity', 'neurodevelopmental disorder', 'autism', 'inborn disorder of neurotransmitter metabolism and transport', 'axonal neuropathy']	3	0.985614981	0.7280919306	0.0128722368	0.0813840635	0.0007035919	0.0036027329	{'oral'}	1	TRUE	TRUE