Main Name	search term	Search Count	score	Human Intestinal Absorption	Blood Brain Barrier	P-glycoprotein Inhibition	Drug Induced Liver Injury	CYP3A4 Inhibition	CYP2C9 Inhibition	DrugBank:Routes	DrugBank:FDA Approved	Less than $500	Pediatric Safety
acetylcysteine	['increased reactive oxygen species production', 'neurodevelopmental disorder', 'lrrk2 (human)', 'cerebellar ataxia', 'arf6 (human)', 'autism', 'neuroinflammation', 'ntrk2 (human)', 'movement disorder', 'neurodegenerative disease', 'inborn disorder of neurotransmitter metabolism and transport', 'spag9 (human)', 'generalized dystonia', 'axonal neuropathy']	14	6	0.9750061924	0.6884013068	0.0062169445	0.2103022993	0.00087124	0.0015382506	{'intramuscular', 'oral', 'respiratory (inhalation)', 'intravenous'}	1	TRUE	TRUE
amitriptyline	['cerebellar ataxia', 'autism', 'spasticity', 'neuroinflammation', 'ntrk2 (human)', 'movement disorder', 'generalized dystonia', 'inborn disorder of neurotransmitter metabolism and transport', 'axonal neuropathy', 'intellectual disability']	10	6	0.9969217344	0.986974623	0.6932192991	0.1981365699	0.2581484595	0.0760936865	{'oral', 'topical'}	1	TRUE	TRUE
azelaic acid	['lrrk2 (human)', 'mapk8 (human)']	2	6	0.7078978633	0.7754936393	0.0081235747	0.1871451921	0.0003309446	0.0054149154	{'oral', 'topical', 'cutaneous'}	1	TRUE	TRUE
betamethasone	['cerebellar ataxia', 'arf6 (human)', 'cdk5 (human)', 'inborn disorder of neurotransmitter metabolism and transport', 'axonal neuropathy']	5	6	0.9932225293	0.7130232304	0.1704179436	0.1705295288	0.0528670516	0.0050397405	{'rectal', 'intralesional', 'auricular (otic)', 'intramuscular', 'topical', 'cutaneous', 'infiltration', 'ophthalmic', 'intradermal', 'soft tissue', 'intravascular', 'oral', 'intraspinal', 'epidural', 'intravenous', 'intrathecal', 'perineural', 'intrabursal', 'intra-articular'}	1	TRUE	TRUE
budesonide	['cdk5 (human)', 'lrrk2 (human)', 'neuroinflammation', 'inborn disorder of neurotransmitter metabolism and transport']	4	6	0.9923607114	0.9707924453	0.2514899763	0.2823980732	0.235625809	0.0220436459	{'not applicable', 'oral', 'nasal', 'rectal', 'cutaneous', 'respiratory (inhalation)'}	1	TRUE	TRUE
buspirone	['neurodevelopmental disorder', 'cerebellar ataxia', 'drd1 (human)', 'autism', 'spasticity', 'movement disorder', 'neurodegenerative disease', 'inborn disorder of neurotransmitter metabolism and transport', 'generalized dystonia', 'axonal neuropathy', 'intellectual disability']	11	6	0.9926834405	0.9705618964	0.3264386712	0.178868901	0.1049201288	0.1426598241	{'not applicable', 'oral'}	1	TRUE	TRUE
clonidine	['autism', 'spasticity', 'movement disorder', 'neurodegenerative disease', 'inborn disorder of neurotransmitter metabolism and transport', 'generalized dystonia', 'axonal neuropathy', 'intellectual disability']	8	6	0.9942425168	0.9335289405	0.0255770787	0.2648746612	0.0038707304	0.0093848903	{'oral', 'epidural', 'intravenous', 'transdermal'}	1	TRUE	TRUE
cyproheptadine	['neurodevelopmental disorder', 'cerebral atrophy', 'generalized dystonia', 'inborn disorder of neurotransmitter metabolism and transport']	4	6	0.9953253268	0.9843415362	0.8798690186	0.2946239781	0.3488762419	0.1334409235	{'not applicable', 'oral'}	1	TRUE	TRUE
desvenlafaxine	['autism', 'axonal neuropathy']	2	6	0.9947910187	0.809410056	0.0332870008	0.0593383003	0.0097013513	0.0068041277	{'oral'}	1	TRUE	TRUE
escitalopram	['neurodevelopmental disorder', 'cerebellar ataxia', 'autism', 'movement disorder', 'neurodegenerative disease', 'inborn disorder of neurotransmitter metabolism and transport', 'spag9 (human)', 'generalized dystonia', 'axonal neuropathy']	9	6	0.9933702336	0.9620053659	0.1783148439	0.1387503863	0.025194368	0.0036795028	{'oral'}	1	TRUE	TRUE
gabapentin	['neurodevelopmental disorder', 'cerebellar ataxia', 'spastic diplegia', 'autism', 'spasticity', 'ntrk2 (human)', 'movement disorder', 'neurodegenerative disease', 'inborn disorder of neurotransmitter metabolism and transport', 'generalized dystonia', 'axonal neuropathy', 'intellectual disability']	12	6	0.9949511682	0.9167903331	0.0078341423	0.1078927868	0.0055762987	0.0137754851	{'not applicable', 'oral', 'topical', 'cutaneous'}	1	TRUE	TRUE
glutamic acid	['neurodevelopmental disorder', 'lrrk2 (human)', 'autism', 'ntrk2 (human)', 'axonal neuropathy', 'intellectual disability']	6	6	0.9730797613	0.5129646899	0.0080917982	0.1406333591	0.0006902313	0.0062250351	{'cutaneous', 'oral', 'topical', 'intravenous'}	1	TRUE	TRUE
hydroxyzine	['axonal neuropathy', 'inborn disorder of neurotransmitter metabolism and transport']	2	6	0.9942232344	0.9127730683	0.7291650511	0.0760412384	0.1584057209	0.1878095191	{'intramuscular', 'oral', 'sublingual'}	1	TRUE	TRUE
metformin	['increased reactive oxygen species production', 'neurodevelopmental disorder', 'lrrk2 (human)', 'cerebellar ataxia', 'arf6 (human)', 'spastic diplegia', 'drd2 (human)', 'autism', 'neuroinflammation', 'ntrk2 (human)', 'movement disorder', 'neurodegenerative disease', 'inborn disorder of neurotransmitter metabolism and transport', 'spag9 (human)', 'generalized dystonia', 'axonal neuropathy', 'intellectual disability']	17	6	0.9711515714	0.6405290761	0.0299544577	0.0779986519	0.0032646198	0.0030989068	{'not applicable', 'oral'}	1	TRUE	TRUE
metoprolol	['increased reactive oxygen species production', 'autism', 'movement disorder', 'inborn disorder of neurotransmitter metabolism and transport', 'axonal neuropathy', 'intellectual disability']	6	6	0.9956387745	0.8465716479	0.0646611352	0.0883883672	0.0648173563	0.021937971	{'not applicable', 'oral', 'intravenous'}	1	TRUE	TRUE
oseltamivir	['neuroinflammation', 'ntrk2 (human)']	2	6	0.9942805098	0.8491089457	0.0401154727	0.2192931539	0.0456702576	0.0284280219	{'oral'}	1	TRUE	TRUE
propranolol	['neurodevelopmental disorder', 'lrrk2 (human)', 'cerebellar ataxia', 'arf6 (human)', 'autism', 'neuroinflammation', 'ntrk2 (human)', 'movement disorder', 'neurodegenerative disease', 'inborn disorder of neurotransmitter metabolism and transport', 'generalized dystonia', 'axonal neuropathy']	12	6	0.9963829418	0.6028237075	0.1423310062	0.1399007758	0.4224926616	0.0483986744	{'oral', 'intravenous'}	1	TRUE	TRUE
pyridoxine	['increased reactive oxygen species production', 'neurodevelopmental disorder', 'cerebellar ataxia', 'autism', 'movement disorder', 'generalized dystonia', 'inborn disorder of neurotransmitter metabolism and transport', 'hypotonia']	8	6	0.9864176723	0.6089579299	0.0238434105	0.1069265592	0.0082446823	0.005849196	{'oral', 'dental', 'intramuscular', 'topical', 'transdermal', 'intravenous', 'ophthalmic', 'cutaneous'}	1	TRUE	TRUE
triamcinolone	['neurodevelopmental disorder', 'drd1 (human)', 'spasticity', 'neuroinflammation', 'cdk5 (human)', 'axonal neuropathy', 'intellectual disability']	7	6	0.9874542498	0.5382120628	0.1016503443	0.2060012842	0.0419561321	0.0024840833	{'parenteral', 'intra-articular', 'dental', 'intravitreal', 'intralesional', 'buccal', 'intra-arterial', 'respiratory (inhalation)', 'intramuscular', 'topical', 'infiltration', 'subcutaneous', 'ophthalmic', 'intradermal', 'soft tissue', 'intravascular', 'oral', 'epidural', 'periarticular', 'nasal', 'intravenous', 'intrathecal', 'perineural', 'intrabursal', 'intrasynovial', 'intracaudal'}	1	TRUE	TRUE
atomoxetine	['autism', 'inborn disorder of neurotransmitter metabolism and transport', 'movement disorder', 'generalized dystonia', 'neurodegenerative disease', 'axonal neuropathy', 'intellectual disability']	7	5	0.9964816818	0.9487553435	0.1911493634	0.1279725354	0.0409701797	0.0293297353	{'oral'}	1	TRUE	TRUE
calcitriol	['lrrk2 (human)', 'cerebellar ataxia', 'arf6 (human)', 'neuroinflammation', 'ntrk2 (human)', 'neurodegenerative disease', 'inborn disorder of neurotransmitter metabolism and transport', 'spag9 (human)', 'axonal neuropathy']	9	5	0.9939736994	0.654870169	0.5502206376	0.078336732	0.059725113	0.0595574329	{'oral', 'topical', 'intravenous'}	1	TRUE	TRUE
captopril	['mapk8 (human)', 'arf6 (human)', 'neuroinflammation', 'movement disorder', 'intellectual disability']	5	5	0.9882524703	0.8258138684	0.0117413753	0.3662746045	0.0003191914	0.0017843374	{'not applicable', 'oral'}	1	TRUE	TRUE
cholecalciferol	['increased reactive oxygen species production', 'neurodevelopmental disorder', 'lrrk2 (human)', 'arf6 (human)', 'autism', 'neuroinflammation', 'ntrk2 (human)', 'cdk5 (human)', 'neurodegenerative disease', 'inborn disorder of neurotransmitter metabolism and transport', 'spag9 (human)', 'generalized dystonia', 'axonal neuropathy', 'intellectual disability']	14	5	0.9962239643	0.7982973586	0.6662697205	0.1240301526	0.0948433035	0.0573014773	{'cutaneous', 'oral', 'topical', 'intravenous'}	1	TRUE	TRUE
desloratadine	drd1 (human)	1	5	0.9969895903	0.9528342775	0.5470874601	0.2490422026	0.1746734069	0.3811795716	{'oral', 'topical'}	1	TRUE	TRUE
dextromethorphan	['increased reactive oxygen species production', 'neurodevelopmental disorder', 'autism', 'spasticity', 'movement disorder', 'neurodegenerative disease', 'inborn disorder of neurotransmitter metabolism and transport', 'axonal neuropathy']	8	5	0.9964811651	0.9896614586	0.0770673133	0.0554307628	0.0820331045	0.0153374687	{'not applicable', 'oral', 'nasal', 'topical'}	1	TRUE	TRUE
fexofenadine	axonal neuropathy	1	5	0.983020822	0.5152772324	0.7533964371	0.0733812547	0.0277035909	0.0208268252	{'oral'}	1	TRUE	TRUE
gemfibrozil	mapk8 (human)	1	5	0.9961581659	0.87370697	0.0268158801	0.3259057196	0.0108865723	0.1500209435	{'oral'}	1	TRUE	TRUE
guaifenesin	['autism', 'axonal neuropathy']	2	5	0.9949353214	0.850112142	0.021636368	0.0810070848	0.0147171362	0.0066068111	{'not applicable', 'oral', 'rectal', 'topical', 'nasal'}	1	TRUE	TRUE
guanfacine	['neurodevelopmental disorder', 'autism', 'movement disorder', 'neurodegenerative disease', 'inborn disorder of neurotransmitter metabolism and transport', 'axonal neuropathy', 'intellectual disability']	7	5	0.9940558823	0.8308571865	0.0268598554	0.3408409541	0.1586584168	0.0216983875	{'oral'}	1	TRUE	TRUE
levetiracetam	['neurodevelopmental disorder', 'cerebellar ataxia', 'drd1 (human)', 'mtor (human)', 'autism', 'spasticity', 'neuroinflammation', 'ntrk2 (human)', 'movement disorder', 'neurodegenerative disease', 'inborn disorder of neurotransmitter metabolism and transport', 'spag9 (human)', 'generalized dystonia', 'axonal neuropathy', 'intellectual disability']	15	5	0.9936802522	0.9616512049	0.0088545982	0.2446875315	0.0016980921	0.0049737579	{'not applicable', 'oral', 'intravenous'}	1	TRUE	TRUE
lidocaine	['lrrk2 (human)', 'arf6 (human)', 'autism', 'spasticity', 'neuroinflammation', 'movement disorder', 'generalized dystonia', 'inborn disorder of neurotransmitter metabolism and transport', 'axonal neuropathy', 'muscle stiffness']	10	5	0.9957226889	0.9607020048	0.0176692955	0.1275482263	0.0361296044	0.0446308409	{'parenteral', 'periodontal', 'dental', 'intrasynovial', 'iontophoresis', 'rectal', 'intralesional', 'buccal', 'subarachnoid', 'auricular (otic)', 'intramuscular', 'submucosal', 'topical', 'oropharyngeal', 'laryngeal', 'cutaneous', 'infiltration', 'subcutaneous', 'electro-osmosis', 'percutaneous', 'intra-amniotic', 'urethral', 'transdermal', 'ophthalmic', 'intrathoracic', 'vaginal', 'intradermal', 'soft tissue', 'not applicable', 'intravascular', 'oral', 'intraspinal', 'epidural', 'intraocular', 'periarticular', 'retrobulbar', 'intracaudal', 'endotracheal', 'intravenous', 'intrathecal', 'perineural', 'intrabursal', 'transtracheal', 'respiratory (inhalation)', 'intra-articular'}	1	TRUE	TRUE
memantine	['increased reactive oxygen species production', 'neurodevelopmental disorder', 'lrrk2 (human)', 'cerebral atrophy', 'cerebellar ataxia', 'arf6 (human)', 'autism', 'spasticity', 'neuroinflammation', 'ntrk2 (human)', 'movement disorder', 'neurodegenerative disease', 'inborn disorder of neurotransmitter metabolism and transport', 'generalized dystonia', 'axonal neuropathy', 'intellectual disability']	16	5	0.9931982458	0.9530087669	0.0304799166	0.1627019182	0.0236635317	0.0212529628	{'oral'}	1	TRUE	TRUE
methylprednisolone	['neurodevelopmental disorder', 'lrrk2 (human)', 'cerebellar ataxia', 'drd1 (human)', 'arf6 (human)', 'mtor (human)', 'autism', 'spasticity', 'neuroinflammation', 'ntrk2 (human)', 'movement disorder', 'neurodegenerative disease', 'inborn disorder of neurotransmitter metabolism and transport', 'generalized dystonia', 'axonal neuropathy', 'intellectual disability']	16	5	0.994588829	0.6799579734	0.3370016974	0.1512332937	0.0756590629	0.0228744849	{'parenteral', 'intra-articular', 'intrasynovial', 'intralesional', 'intra-arterial', 'intramuscular', 'topical', 'intrabronchial', 'infiltration', 'subcutaneous', 'soft tissue', 'intravascular', 'oral', 'epidural', 'periarticular', 'intravenous', 'intrathecal', 'perineural', 'intrabursal', 'intrameningeal', 'intracaudal'}	1	TRUE	TRUE
midodrine	['cerebellar ataxia', 'inborn disorder of neurotransmitter metabolism and transport', 'movement disorder', 'generalized dystonia', 'neurodegenerative disease']	5	5	0.9941974572	0.5439380036	0.0276052086	0.0960257179	0.1034046348	0.0290215325	{'oral'}	1	TRUE	TRUE
alfacalcidol	axonal neuropathy	1	4	0.9956055258	0.6902847237	0.6589712814	0.0994645783	0.0569378673	0.0874260898	{'oral', 'intravenous'}	1	TRUE	TRUE
amantadine	['neurodevelopmental disorder', 'cerebellar ataxia', 'autism', 'spasticity', 'movement disorder', 'neurodegenerative disease', 'inborn disorder of neurotransmitter metabolism and transport', 'generalized dystonia', 'axonal neuropathy']	9	4	0.9947038662	0.9590178545	0.0316617165	0.1653867416	0.0100970114	0.0048468235	{'oral', 'topical'}	1	TRUE	TRUE
bisoprolol	['axonal neuropathy', 'generalized dystonia']	2	4	0.9945007443	0.6172274123	0.155781309	0.0984139437	0.0916775584	0.0396609295	{'oral'}	1	TRUE	TRUE
clemastine	['autism', 'neurodevelopmental disorder', 'neuroinflammation', 'neurodegenerative disease']	4	4	0.9962602638	0.9759375362	0.6988985776	0.0808508324	0.0865412139	0.0174891847	{'oral'}	1	TRUE	TRUE
flunarizine	['neurodevelopmental disorder', 'cerebellar ataxia', 'autism', 'movement disorder', 'inborn disorder of neurotransmitter metabolism and transport']	5	4	0.99469312	0.9601832251	0.863036718	0.2053788872	0.15584724	0.3741565833	{'oral'}	1	TRUE	TRUE
hydroxyurea	['increased reactive oxygen species production', 'lrrk2 (human)', 'arf6 (human)', 'movement disorder', 'neurodegenerative disease']	5	4	0.9791829144	0.8049959977	0.0340178223	0.2577863354	0.0007573177	0.0019061903	{'oral'}	1	TRUE	TRUE
lisdexamfetamine	['autism', 'inborn disorder of neurotransmitter metabolism and transport']	2	4	0.9950077781	0.7937560259	0.0457279419	0.1252882314	0.211595254	0.0251816876	{'oral'}	1	TRUE	TRUE
naloxone	['neurodevelopmental disorder', 'lrrk2 (human)', 'mapk8 (human)', 'drd1 (human)', 'arf6 (human)', 'autism', 'neuroinflammation', 'ntrk2 (human)', 'movement disorder', 'neurodegenerative disease', 'inborn disorder of neurotransmitter metabolism and transport', 'generalized dystonia', 'axonal neuropathy']	13	4	0.9946825046	0.9766973501	0.0362552897	0.0492715036	0.0161851838	0.0093924294	{'not applicable', 'oral', 'subcutaneous', 'parenteral', 'intramuscular', 'nasal', 'topical', 'intravenous', 'buccal', 'sublingual'}	1	TRUE	TRUE
pregabalin	['increased reactive oxygen species production', 'cerebellar ataxia', 'autism', 'spasticity', 'neuroinflammation', 'ntrk2 (human)', 'movement disorder', 'generalized dystonia', 'inborn disorder of neurotransmitter metabolism and transport', 'axonal neuropathy', 'intellectual disability']	11	4	0.991528913	0.6989320913	0.0138509315	0.0690958076	0.0024115988	0.004761295	{'not applicable', 'oral'}	1	TRUE	TRUE
progesterone	['neurodevelopmental disorder', 'lrrk2 (human)', 'mapk8 (human)', 'cerebellar ataxia', 'arf6 (human)', 'autism', 'spasticity', 'neuroinflammation', 'ntrk2 (human)', 'movement disorder', 'cdk5 (human)', 'neurodegenerative disease', 'inborn disorder of neurotransmitter metabolism and transport', 'spag9 (human)', 'generalized dystonia', 'axonal neuropathy']	16	4	0.9967814351	0.224789552	0.601473929	0.4204950912	0.0245982925	0.1273965503	{'not applicable', 'oral', 'subcutaneous', 'intramuscular', 'topical', 'transdermal', 'vaginal'}	1	TRUE	TRUE
pseudoephedrine	['axonal neuropathy', 'mapk8 (human)', 'neurodegenerative disease', 'movement disorder']	4	4	0.9958433434	0.5740151209	0.0155872898	0.0699944505	0.0075026293	0.0121261765	{'oral', 'nasal'}	1	TRUE	TRUE
succinic acid	cerebellar ataxia	1	4	0.8118549444	0.741421301	0.0070935316	0.1835493921	8.19E-05	0.0022398467	{'oral'}	1	TRUE	TRUE
terbinafine	axonal neuropathy	1	4	0.9959512213	0.9522445857	0.3129907595	0.3939757448	0.1367278931	0.1148050903	{'oral', 'topical'}	1	TRUE	TRUE
tranexamic acid	['autism', 'axonal neuropathy', 'neurodegenerative disease', 'inborn disorder of neurotransmitter metabolism and transport']	4	4	0.9872300948	0.6570995448	0.0109220341	0.1033911697	0.0006443192	0.0002857755	{'cutaneous', 'oral', 'topical', 'intravenous'}	1	TRUE	TRUE
tretinoin	['increased reactive oxygen species production', 'lrrk2 (human)', 'mapk8 (human)', 'arf6 (human)', 'neuroinflammation', 'ntrk2 (human)', 'neurodegenerative disease', 'inborn disorder of neurotransmitter metabolism and transport', 'spag9 (human)', 'generalized dystonia', 'axonal neuropathy']	11	4	0.9944326323	0.8323522311	0.1676068926	0.2686619844	0.0807070793	0.2796989895	{'not applicable', 'oral', 'topical'}	1	TRUE	TRUE
trihexyphenidyl	['spasticity', 'inborn disorder of neurotransmitter metabolism and transport', 'movement disorder', 'generalized dystonia', 'neurodegenerative disease']	5	4	0.9960152808	0.9725378189	0.1964023806	0.0554120535	0.0293284329	0.0178718402	{'oral'}	1	TRUE	TRUE
acamprosate	['autism', 'neurodevelopmental disorder', 'movement disorder']	3	3	0.9705819608	0.8691102659	0.0114947798	0.1951547666	0.0006955884	0.0007149503	{'oral'}	1	TRUE	TRUE
eplerenone	['increased reactive oxygen species production', 'axonal neuropathy', 'lrrk2 (human)', 'ntrk2 (human)']	4	3	0.9905279282	0.9091744589	0.3319196378	0.3996676024	0.1096024611	0.0332692192	{'oral'}	1	TRUE	TRUE
ethambutol	neurodegenerative disease	1	3	0.9696451422	0.5868236089	0.0181843421	0.0512393378	0.0006028808	0.0005203098	{'oral'}	1	TRUE	TRUE
ethosuximide	['neurodevelopmental disorder', 'cerebellar ataxia', 'autism', 'movement disorder', 'neurodegenerative disease']	5	3	0.9899707332	0.9644059323	0.0145353643	0.2966453389	0.0527495693	0.0623353524	{'oral'}	1	TRUE	TRUE
felbamate	['autism', 'neurodegenerative disease']	2	3	0.9945584563	0.9401317832	0.0411029686	0.4436324857	0.0032989847	0.0025378222	{'oral'}	1	TRUE	TRUE
fusidic acid	arf6 (human)	1	3	0.919237597	0.2645779084	0.7606677824	0.2514432575	0.0464160123	0.0099054296	{'oral', 'topical', 'ophthalmic', 'intravenous'}	1	TRUE	TRUE
gamma-hydroxybutyric acid	['neurodevelopmental disorder', 'movement disorder', 'generalized dystonia', 'inborn disorder of neurotransmitter metabolism and transport', 'axonal neuropathy']	5	3	0.9493179992	0.6615746959	0.0086696188	0.0738772617	0.0009739408	0.0017763784	{'oral'}	1	TRUE	TRUE
guanabenz	['cerebellar ataxia', 'neurodegenerative disease', 'movement disorder']	3	3	0.9948858679	0.6274841562	0.0495401269	0.3395251941	0.0280547534	0.0288604662	{'oral'}	1	TRUE	TRUE
hydroxychloroquine	['neurodevelopmental disorder', 'lrrk2 (human)', 'cerebellar ataxia', 'neuroinflammation', 'ntrk2 (human)', 'movement disorder', 'generalized dystonia', 'inborn disorder of neurotransmitter metabolism and transport', 'axonal neuropathy']	9	3	0.9958083984	0.9238297846	0.3370971579	0.2752287495	0.1517354056	0.0088674226	{'oral', 'enteral'}	1	TRUE	FALSE
methsuximide	['autism', 'movement disorder']	2	3	0.9928948604	0.9682192391	0.0198856089	0.2257475799	0.0110265536	0.0939510719	{'oral'}	1	TRUE	TRUE
metyrapone	generalized dystonia	1	3	0.9961199948	0.9631841756	0.0192240655	0.2869760504	0.4750988699	0.0295778701	{'oral'}	1	TRUE	TRUE
misoprostol	['axonal neuropathy', 'movement disorder']	2	3	0.9890574879	0.721472987	0.4797544826	0.1211819031	0.3419181329	0.0136451076	{'buccal', 'oral'}	1	TRUE	TRUE
nitroglycerin	['lrrk2 (human)', 'inborn disorder of neurotransmitter metabolism and transport']	2	3	0.963436814	0.685056524	0.0294825245	0.3016741982	0.0522911486	0.1100621043	{'oral', 'subcutaneous', 'transmucosal', 'intramuscular', 'rectal', 'topical', 'transdermal', 'intravenous', 'buccal', 'respiratory (inhalation)', 'sublingual'}	1	TRUE	TRUE
oxymetazoline	['axonal neuropathy', 'inborn disorder of neurotransmitter metabolism and transport', 'movement disorder']	3	3	0.9962165078	0.885572384	0.5717762051	0.188318037	0.0295181596	0.0133673506	{'oral', 'nasal', 'topical', 'ophthalmic'}	1	TRUE	TRUE
paricalcitol	['increased reactive oxygen species production', 'neuroinflammation']	2	3	0.9939686765	0.6612812079	0.5251294996	0.112862366	0.2047118065	0.049339678	{'oral', 'intravenous'}	1	TRUE	TRUE
pentobarbital	['cerebellar ataxia', 'autism', 'neurodegenerative disease']	3	3	0.9933293597	0.9316901669	0.0229792609	0.422990636	0.0168817168	0.074199369	{'intramuscular', 'oral', 'rectal', 'intravenous'}	1	TRUE	TRUE
perphenazine	neurodegenerative disease	1	3	0.9955163938	0.9899062487	0.8592663344	0.4830721924	0.1973534919	0.0313864029	{'intramuscular', 'oral', 'intravenous'}	1	TRUE	TRUE
primidone	['cerebellar ataxia', 'autism', 'movement disorder', 'generalized dystonia', 'inborn disorder of neurotransmitter metabolism and transport']	5	3	0.9938060534	0.9292865703	0.0135331912	0.2819771311	0.0430067228	0.0162414936	{'oral'}	1	TRUE	TRUE
pyridostigmine	['cerebellar ataxia', 'inborn disorder of neurotransmitter metabolism and transport', 'movement disorder', 'generalized dystonia', 'neurodegenerative disease', 'axonal neuropathy']	6	3	0.9862945272	0.9307588129	0.0173696273	0.2802633548	0.0024635195	0.0038281222	{'intramuscular', 'oral', 'intravenous', 'parenteral'}	1	TRUE	TRUE
rivastigmine	['cerebral atrophy', 'mapk8 (human)', 'cerebellar ataxia', 'lrrk2 (human)', 'autism', 'movement disorder', 'neurodegenerative disease', 'inborn disorder of neurotransmitter metabolism and transport', 'generalized dystonia']	9	3	0.9950578349	0.9677204816	0.0176169585	0.1275095874	0.0477363096	0.0073547327	{'oral', 'transdermal'}	1	TRUE	TRUE
tramadol	['movement disorder', 'neurodegenerative disease', 'inborn disorder of neurotransmitter metabolism and transport', 'spag9 (human)', 'axonal neuropathy']	5	3	0.9970279299	0.9542428227	0.0447074216	0.07814469	0.0791090381	0.0091074625	{'not applicable', 'oral', 'topical'}	1	TRUE	TRUE
vigabatrin	['neurodevelopmental disorder', 'cerebellar ataxia', 'autism', 'spasticity', 'movement disorder', 'inborn disorder of neurotransmitter metabolism and transport', 'axonal neuropathy', 'intellectual disability']	8	3	0.985614981	0.7280919306	0.0128722368	0.0813840635	0.0007035919	0.0036027329	{'oral'}	1	TRUE	TRUE
acebutolol	intellectual disability	1	2	0.9942999623	0.8194786332	0.1086364366	0.2282106512	0.250491899	0.0275577904	{'oral'}	1	TRUE	FALSE
acetylsalicylic acid	['increased reactive oxygen species production', 'neurodevelopmental disorder', 'lrrk2 (human)', 'mapk8 (human)', 'cerebellar ataxia', 'arf6 (human)', 'autism', 'neuroinflammation', 'ntrk2 (human)', 'movement disorder', 'cdk5 (human)', 'neurodegenerative disease', 'inborn disorder of neurotransmitter metabolism and transport', 'spag9 (human)', 'generalized dystonia', 'axonal neuropathy']	16	2	0.9943864726	0.580513478	0.0130442881	0.2367789049	0.0005536635	0.0478603345	{'oral', 'subcutaneous', 'irrigation', 'dental', 'intramuscular', 'rectal', 'topical', 'intravenous', 'ophthalmic', 'respiratory (inhalation)', 'sublingual'}	1	TRUE	FALSE
alitretinoin	['spag9 (human)', 'ntrk2 (human)']	2	2	0.9942191596	0.8124382337	0.143602191	0.3074888324	0.0205013804	0.0921876108	{'oral', 'topical', 'cutaneous'}	1	TRUE	FALSE
alpha-linolenic acid	['lrrk2 (human)', 'drd1 (human)', 'ntrk2 (human)', 'neuroinflammation', 'movement disorder']	5	2	0.9811493438	0.7190252844	0.043932769	0.1953001645	0.0129514127	0.1432261243	{'oral'}	1	TRUE	FALSE
amobarbital	['autism', 'movement disorder']	2	2	0.9938870919	0.91791333	0.0188113374	0.4317027903	0.0067003084	0.032409772	{'intramuscular', 'oral', 'intravenous'}	1	TRUE	FALSE
benzatropine	['inborn disorder of neurotransmitter metabolism and transport', 'generalized dystonia', 'neurodegenerative disease', 'movement disorder']	4	2	0.9947937113	0.931390756	0.3859358171	0.1128762701	0.1815318804	0.0847471884	{'intramuscular', 'oral', 'intravenous', 'parenteral'}	1	TRUE	FALSE
benzocaine	axonal neuropathy	1	2	0.996067917	0.923482911	0.0142921735	0.3588301997	0.1887515031	0.1942974268	{'not applicable', 'oral', 'auricular (otic)', 'electro-osmosis', 'periodontal', 'dental', 'vaginal', 'rectal', 'topical', 'ophthalmic', 'buccal', 'cutaneous', 'respiratory (inhalation)'}	1	TRUE	FALSE
benzphetamine	neurodevelopmental disorder	1	2	0.9961826577	0.956496372	0.0580085188	0.1748980968	0.0360442809	0.0429670352	{'oral'}	1	TRUE	FALSE
betaxolol	ntrk2 (human)	1	2	0.9953713282	0.7135364802	0.1371912555	0.0945452277	0.1669136414	0.0335266769	{'oral', 'ophthalmic'}	1	TRUE	FALSE
bezafibrate	['lrrk2 (human)', 'cerebellar ataxia', 'ntrk2 (human)', 'movement disorder', 'neurodegenerative disease']	5	2	0.98834112	0.6211550965	0.0908719968	0.3282868597	0.0831511883	0.2908716595	{'oral'}	1	TRUE	FALSE
buprenorphine	['lrrk2 (human)', 'mapk8 (human)', 'autism', 'inborn disorder of neurotransmitter metabolism and transport', 'axonal neuropathy']	5	2	0.9899332728	0.9837586576	0.3092524686	0.1257655678	0.099489314	0.0206704105	{'not applicable', 'oral', 'subcutaneous', 'intramuscular', 'transdermal', 'intravenous', 'buccal', 'sublingual'}	1	TRUE	FALSE
bupropion	['cerebellar ataxia', 'arf6 (human)', 'drd1 (human)', 'autism', 'movement disorder', 'inborn disorder of neurotransmitter metabolism and transport', 'axonal neuropathy']	7	2	0.9969395907	0.9477081583	0.0422651669	0.1850985283	0.1009635224	0.1423459315	{'oral', 'occlusive dressing technique'}	1	TRUE	FALSE
calcium acetate	axonal neuropathy	1	2	0.9726019971	0.7009530845	0.0149527712	0.3459465343	0.0003226673	0.0040066575	{'oral', 'topical', 'intravenous'}	1	TRUE	FALSE
chloroquine	['increased reactive oxygen species production', 'neurodevelopmental disorder', 'lrrk2 (human)', 'mapk8 (human)', 'cerebellar ataxia', 'drd1 (human)', 'arf6 (human)', 'neuroinflammation', 'ntrk2 (human)', 'movement disorder', 'neurodegenerative disease', 'inborn disorder of neurotransmitter metabolism and transport', 'spag9 (human)', 'generalized dystonia', 'axonal neuropathy']	15	2	0.9963478977	0.9579245044	0.3153031642	0.2403948203	0.1162227827	0.0058297218	{'oral'}	1	TRUE	FALSE
codeine	['axonal neuropathy', 'inborn disorder of neurotransmitter metabolism and transport']	2	2	0.9939426347	0.9877071767	0.0651966979	0.074142574	0.011633003	0.0177405554	{'intramuscular', 'oral', 'subcutaneous'}	1	TRUE	FALSE
cortisone acetate	['cdk5 (human)', 'axonal neuropathy', 'generalized dystonia', 'inborn disorder of neurotransmitter metabolism and transport']	4	2	0.9939841506	0.8971461328	0.3157147097	0.257556131	0.0260818624	0.0245783444	{'intramuscular', 'oral'}	1	TRUE	FALSE
creatine	['cerebral atrophy', 'lrrk2 (human)', 'cerebellar ataxia', 'autism', 'ntrk2 (human)', 'movement disorder', 'neurodegenerative disease', 'inborn disorder of neurotransmitter metabolism and transport', 'generalized dystonia', 'axonal neuropathy', 'intellectual disability']	11	2	0.9800912376	0.617943489	0.0069101887	0.098300033	0.0006851776	0.0026530234	{'oral'}	1	TRUE	FALSE
cyclobenzaprine	['spastic diplegia', 'movement disorder', 'generalized dystonia', 'neurodegenerative disease', 'axonal neuropathy', 'muscle stiffness', 'intellectual disability']	7	2	0.9958917139	0.9869832462	0.8319311395	0.2805288972	0.241234749	0.0416621757	{'not applicable', 'oral', 'topical'}	1	TRUE	FALSE
cycloserine	['neurodevelopmental disorder', 'lrrk2 (human)', 'mapk8 (human)', 'cerebellar ataxia', 'autism', 'movement disorder', 'neurodegenerative disease', 'axonal neuropathy', 'intellectual disability']	9	2	0.9906995226	0.7620923229	0.0173532626	0.214846021	0.0097993181	0.0192637251	{'oral'}	1	TRUE	FALSE
cysteamine	['increased reactive oxygen species production', 'axonal neuropathy', 'movement disorder']	3	2	0.9888642172	0.7759781326	0.0209376739	0.1732732744	0.002649099	0.0223713474	{'oral', 'ophthalmic'}	1	TRUE	FALSE
danazol	spasticity	1	2	0.9971425818	0.6062092955	0.4956199719	0.4861032267	0.0462272947	0.4092137113	{'oral'}	1	TRUE	FALSE
desipramine	['mtor (human)', 'ntrk2 (human)', 'movement disorder', 'neurodegenerative disease', 'inborn disorder of neurotransmitter metabolism and transport', 'generalized dystonia', 'axonal neuropathy']	7	2	0.9972051226	0.9902515058	0.3535867767	0.1818194043	0.3983649026	0.0453617664	{'oral'}	1	TRUE	FALSE
dextropropoxyphene	movement disorder	1	2	0.9956935481	0.9666023406	0.666305516	0.1223120572	0.082078271	0.0151420101	{'oral'}	1	TRUE	FALSE
diphenhydramine	['movement disorder', 'generalized dystonia', 'inborn disorder of neurotransmitter metabolism and transport', 'axonal neuropathy', 'intellectual disability']	5	2	0.9946356734	0.9572691822	0.0606614812	0.0773513588	0.035224082	0.0630066732	{'not applicable', 'oral', 'subcutaneous', 'parenteral', 'intramuscular', 'topical', 'intravenous', 'respiratory (inhalation)', 'sublingual'}	1	TRUE	FALSE
diphenidol	spag9 (human)	1	2	0.995347399	0.9716089534	0.2917580016	0.0860399111	0.0646994775	0.0788457524	{'oral'}	1	TRUE	FALSE
doxepin	['ntrk2 (human)', 'movement disorder']	2	2	0.9956552137	0.9773984741	0.7685263559	0.2326017673	0.2331451951	0.0626359468	{'oral', 'topical'}	1	TRUE	FALSE
ergocalciferol	['increased reactive oxygen species production', 'axonal neuropathy']	2	2	0.9957677079	0.8209726452	0.7367787809	0.1743366598	0.1523986022	0.0588238214	{'oral', 'cutaneous', 'intravenous'}	1	TRUE	FALSE
ethanol	['increased reactive oxygen species production', 'neurodevelopmental disorder', 'lrrk2 (human)', 'cerebellar ataxia', 'arf6 (human)', 'drd2 (human)', 'autism', 'spasticity', 'neuroinflammation', 'ntrk2 (human)', 'movement disorder', 'neurodegenerative disease', 'inborn disorder of neurotransmitter metabolism and transport', 'spag9 (human)', 'generalized dystonia', 'axonal neuropathy', 'intellectual disability']	17	2	0.9941371015	0.9355469098	0.0166257901	0.0902113452	0.0026864105	0.0059746153	{'dental', 'intramuscular', 'topical', 'cutaneous', 'infiltration', 'subcutaneous', 'percutaneous', 'electro-osmosis', 'transdermal', 'extracorporeal', 'ophthalmic', 'vaginal', 'oral', 'intraspinal', 'irrigation', 'nasal', 'intravenous', 'respiratory (inhalation)', 'ureteral'}	1	TRUE	FALSE
ethionamide	['lrrk2 (human)', 'mapk8 (human)']	2	2	0.994226669	0.9405141421	0.0158357756	0.4552893847	0.0097345621	0.0075407086	{'oral'}	1	TRUE	FALSE
galantamine	['neurodevelopmental disorder', 'cerebral atrophy', 'cerebellar ataxia', 'autism', 'ntrk2 (human)', 'movement disorder', 'neurodegenerative disease', 'inborn disorder of neurotransmitter metabolism and transport', 'generalized dystonia']	9	2	0.9957008389	0.9810394243	0.0661908385	0.1667754959	0.0130458419	0.0187912148	{'oral'}	1	TRUE	FALSE
glycine	['lrrk2 (human)', 'cerebellar ataxia', 'arf6 (human)', 'autism', 'spasticity', 'neuroinflammation', 'movement disorder', 'neurodegenerative disease', 'inborn disorder of neurotransmitter metabolism and transport', 'axonal neuropathy']	10	2	0.9920887628	0.7341955933	0.0126945179	0.1694164989	0.0002368439	0.0020643932	{'oral', 'irrigation', 'dental', 'topical', 'intravenous', 'hemodialysis'}	1	TRUE	FALSE
guanidine	['spag9 (human)', 'drd2 (human)', 'arf6 (human)']	3	2	0.9757101795	0.6433571609	0.0373970276	0.1186136234	0.0050277365	0.0010292954	{'oral'}	1	TRUE	FALSE
haloperidol	['neurodevelopmental disorder', 'lrrk2 (human)', 'cerebellar ataxia', 'arf6 (human)', 'autism', 'movement disorder', 'neurodegenerative disease', 'inborn disorder of neurotransmitter metabolism and transport', 'generalized dystonia', 'axonal neuropathy']	10	2	0.995622738	0.958398004	0.7001198497	0.1610622006	0.2612977103	0.1745279831	{'intramuscular', 'oral'}	1	TRUE	FALSE
hydrocodone	neurodegenerative disease	1	2	0.9953272922	0.980879502	0.0452202061	0.0734397346	0.0356610478	0.0088840201	{'oral', 'topical'}	1	TRUE	FALSE
isosorbide dinitrate	axonal neuropathy	1	2	0.9700495134	0.6803177346	0.0117454637	0.3429648402	0.0046266909	0.0009885002	{'intramuscular', 'oral', 'sublingual'}	1	TRUE	FALSE
isotretinoin	['spag9 (human)', 'neurodevelopmental disorder', 'lrrk2 (human)', 'neurodegenerative disease']	4	2	0.9946816706	0.8352484154	0.1705095907	0.2572994529	0.0615321094	0.2495428504	{'oral', 'topical'}	1	TRUE	FALSE
lipoic acid	['increased reactive oxygen species production', 'lrrk2 (human)', 'cerebellar ataxia', 'arf6 (human)', 'neuroinflammation', 'ntrk2 (human)', 'movement disorder', 'neurodegenerative disease', 'inborn disorder of neurotransmitter metabolism and transport', 'spag9 (human)', 'generalized dystonia', 'axonal neuropathy']	12	2	0.969376028	0.7860695394	0.0088086231	0.3868484154	0.0025596592	0.0074881537	{'oral', 'topical'}	1	TRUE	FALSE
loperamide	['axonal neuropathy', 'neurodegenerative disease', 'movement disorder']	3	2	0.9928257165	0.6355616715	0.923416124	0.1151055365	0.0972690106	0.1017402706	{'oral'}	1	TRUE	FALSE
meclizine	['axonal neuropathy', 'cerebellar ataxia', 'movement disorder']	3	2	0.9959230057	0.9491492154	0.5379323956	0.1137057525	0.2843221621	0.3811572209	{'oral', 'topical'}	1	TRUE	FALSE
metamfetamine	['lrrk2 (human)', 'mapk8 (human)', 'arf6 (human)', 'autism', 'neuroinflammation', 'ntrk2 (human)', 'neurodegenerative disease', 'inborn disorder of neurotransmitter metabolism and transport', 'spag9 (human)', 'generalized dystonia', 'drd2 (human)']	11	2	0.9966205591	0.9606759956	0.0179818697	0.082844604	0.0041978529	0.0048626865	{'oral'}	1	TRUE	FALSE
mexiletine	['neurodevelopmental disorder', 'inborn disorder of neurotransmitter metabolism and transport', 'generalized dystonia', 'movement disorder']	4	2	0.996484565	0.9157438263	0.0440411388	0.0820863332	0.0293619606	0.0158244524	{'oral'}	1	TRUE	FALSE
minoxidil	['mtor (human)', 'neurodevelopmental disorder']	2	2	0.9906789924	0.7938531053	0.0223663504	0.3109703234	0.0728076311	0.0178923765	{'not applicable', 'oral', 'topical', 'extracorporeal', 'cutaneous'}	1	TRUE	FALSE
molindone	movement disorder	1	2	0.9968615868	0.9674928689	0.1340369885	0.4652716356	0.3956959614	0.0526224804	{'oral'}	1	TRUE	FALSE
nateglinide	['spastic diplegia', 'spag9 (human)', 'intellectual disability']	3	2	0.9917413988	0.5854163938	0.0383011654	0.2301491228	0.0223710927	0.0076307432	{'oral'}	1	TRUE	FALSE
nicotine	['increased reactive oxygen species production', 'lrrk2 (human)', 'cerebellar ataxia', 'arf6 (human)', 'mtor (human)', 'autism', 'neuroinflammation', 'ntrk2 (human)', 'movement disorder', 'neurodegenerative disease', 'inborn disorder of neurotransmitter metabolism and transport', 'spag9 (human)', 'generalized dystonia', 'drd2 (human)']	14	2	0.9954638097	0.9739189226	0.0178602032	0.1205552488	0.0179253801	0.0015416395	{'not applicable', 'oral', 'dental', 'nasal', 'topical', 'transdermal', 'buccal', 'respiratory (inhalation)'}	1	TRUE	FALSE
orphenadrine	['generalized dystonia', 'movement disorder']	2	2	0.9959415553	0.9625464855	0.1119974116	0.083840621	0.0488118501	0.0275407122	{'intramuscular', 'oral', 'intravenous'}	1	TRUE	FALSE
oxycodone	['neuroinflammation', 'movement disorder', 'generalized dystonia', 'inborn disorder of neurotransmitter metabolism and transport', 'axonal neuropathy']	5	2	0.9951939463	0.9827101896	0.0352095194	0.057571391	0.0072815437	0.0034521905	{'oral', 'rectal'}	1	TRUE	FALSE
penicillamine	['axonal neuropathy', 'generalized dystonia', 'cerebellar ataxia', 'movement disorder']	4	2	0.9836677203	0.5221946223	0.0073611234	0.0956553847	0.0015053285	0.0031467777	{'not applicable', 'oral'}	1	TRUE	FALSE
phentermine	['axonal neuropathy', 'arf6 (human)']	2	2	0.9954818864	0.9695424975	0.0175675277	0.0525836413	0.0251320713	0.0056301838	{'oral'}	1	TRUE	FALSE
phylloquinone	['ntrk2 (human)', 'cerebellar ataxia']	2	2	0.9944454158	0.904447537	0.8230252877	0.2862196307	0.4254303555	0.4558900757	{'oral', 'subcutaneous', 'parenteral', 'intramuscular', 'intravenous'}	1	TRUE	FALSE
pimozide	['neurodevelopmental disorder', 'generalized dystonia', 'neurodegenerative disease', 'movement disorder']	4	2	0.9946478187	0.9520926644	0.9377329199	0.1724620847	0.1436199862	0.2870670359	{'oral'}	1	TRUE	FALSE
pindolol	neurodegenerative disease	1	2	0.9961291337	0.679323363	0.11330724	0.3106436608	0.2883465993	0.0550087004	{'oral'}	1	TRUE	FALSE
piperazine	autism	1	2	0.9877902337	0.842636726	0.0299533723	0.1112198244	0.0361671662	0.0042547249	{'oral'}	1	TRUE	FALSE
probucol	['increased reactive oxygen species production', 'lrrk2 (human)', 'autism', 'ntrk2 (human)', 'neurodegenerative disease', 'axonal neuropathy']	6	2	0.9855381954	0.9158134597	0.7691661673	0.1479046026	0.1745898382	0.1576304318	{'oral'}	1	TRUE	FALSE
procainamide	muscle stiffness	1	2	0.9953272602	0.9574835188	0.0145537378	0.1488734169	0.0064060074	0.0020099551	{'intramuscular', 'oral', 'intravenous'}	1	TRUE	FALSE
procyclidine	['inborn disorder of neurotransmitter metabolism and transport', 'generalized dystonia', 'neurodegenerative disease', 'movement disorder']	4	2	0.9956250977	0.970171826	0.1150259309	0.059586485	0.0348747657	0.0107254452	{'oral'}	1	TRUE	FALSE
ramelteon	['neurodevelopmental disorder', 'autism', 'ntrk2 (human)', 'movement disorder', 'inborn disorder of neurotransmitter metabolism and transport', 'intellectual disability']	6	2	0.9969235933	0.9737753846	0.1309709791	0.4127685132	0.1001935094	0.0645084822	{'oral'}	1	TRUE	FALSE
rasagiline	['inborn disorder of neurotransmitter metabolism and transport', 'generalized dystonia', 'neurodegenerative disease', 'movement disorder']	4	2	0.9967234119	0.972276986	0.0574075243	0.1357074568	0.132973852	0.0167780536	{'oral'}	1	TRUE	FALSE
ropinirole	['spasticity', 'movement disorder', 'generalized dystonia', 'inborn disorder of neurotransmitter metabolism and transport', 'axonal neuropathy']	5	2	0.9965093085	0.9836508687	0.1182247939	0.2127511861	0.0411139734	0.0058724845	{'oral'}	1	TRUE	FALSE
secobarbital	autism	1	2	0.9939389259	0.9318011118	0.0295010742	0.4537312957	0.0159813058	0.097180745	{'oral'}	1	TRUE	FALSE
sibutramine	['neurodevelopmental disorder', 'drd1 (human)', 'autism', 'axonal neuropathy', 'intellectual disability']	5	2	0.9969694616	0.9793280344	0.1179776446	0.114010587	0.2824047409	0.2219057485	{'oral'}	1	TRUE	FALSE
spironolactone	['increased reactive oxygen species production', 'neurodevelopmental disorder', 'lrrk2 (human)', 'arf6 (human)', 'autism', 'neuroinflammation', 'ntrk2 (human)', 'neurodegenerative disease', 'inborn disorder of neurotransmitter metabolism and transport', 'spag9 (human)', 'axonal neuropathy']	11	2	0.9931679513	0.8374805976	0.8250011827	0.3771113264	0.0552377151	0.0331725118	{'oral', 'topical'}	1	TRUE	FALSE
tacrine	['cerebellar ataxia', 'inborn disorder of neurotransmitter metabolism and transport', 'neurodegenerative disease', 'movement disorder']	4	2	0.997127323	0.9598210653	0.0519633771	0.2610402214	0.1085870406	0.0379910187	{'oral'}	1	TRUE	FALSE
temozolomide	['lrrk2 (human)', 'arf6 (human)', 'neuroinflammation', 'ntrk2 (human)', 'generalized dystonia', 'inborn disorder of neurotransmitter metabolism and transport', 'spag9 (human)', 'axonal neuropathy']	8	2	0.9855018505	0.769754067	0.0286142069	0.2870382237	0.011640367	0.0028624891	{'not applicable', 'oral', 'intravenous'}	1	TRUE	FALSE
trimipramine	['drd1 (human)', 'cerebellar ataxia', 'arf6 (human)']	3	2	0.9969590977	0.9918359398	0.6802322258	0.2876447104	0.0590293398	0.0103832359	{'oral'}	1	TRUE	FALSE
ursodeoxycholic acid	['increased reactive oxygen species production', 'lrrk2 (human)', 'arf6 (human)', 'neuroinflammation', 'movement disorder', 'neurodegenerative disease', 'inborn disorder of neurotransmitter metabolism and transport', 'axonal neuropathy']	8	2	0.9654278314	0.7239889791	0.361139338	0.1241095368	0.0037389072	0.0078639588	{'dental', 'oral'}	1	TRUE	FALSE
varenicline	['neurodevelopmental disorder', 'cerebellar ataxia', 'ntrk2 (human)', 'movement disorder', 'neurodegenerative disease', 'inborn disorder of neurotransmitter metabolism and transport']	6	2	0.9956150726	0.9605205842	0.0834735957	0.4450929195	0.0313107822	0.0161049782	{'oral', 'nasal'}	1	TRUE	FALSE
venlafaxine	['neurodevelopmental disorder', 'cerebellar ataxia', 'autism', 'movement disorder', 'neurodegenerative disease', 'inborn disorder of neurotransmitter metabolism and transport', 'generalized dystonia', 'axonal neuropathy', 'intellectual disability']	9	2	0.9963557838	0.9322205302	0.061759789	0.0779704088	0.0532141204	0.0086220837	{'oral'}	1	TRUE	FALSE
vitamin e	['increased reactive oxygen species production', 'lrrk2 (human)', 'mapk8 (human)', 'cerebellar ataxia', 'drd1 (human)', 'arf6 (human)', 'mtor (human)', 'autism', 'spasticity', 'neuroinflammation', 'ntrk2 (human)', 'movement disorder', 'neurodegenerative disease', 'inborn disorder of neurotransmitter metabolism and transport', 'generalized dystonia']	15	2	0.9946741944	0.9336027047	0.5957444939	0.3019406837	0.1191518293	0.0605555478	{'oral', 'intraocular', 'topical', 'intravenous', 'cutaneous'}	1	TRUE	FALSE
vorinostat	['lrrk2 (human)', 'mapk8 (human)', 'arf6 (human)', 'autism', 'neuroinflammation', 'ntrk2 (human)', 'movement disorder', 'neurodegenerative disease', 'inborn disorder of neurotransmitter metabolism and transport', 'spag9 (human)', 'generalized dystonia', 'axonal neuropathy', 'intellectual disability']	13	2	0.9922488576	0.8735011023	0.0340766632	0.290778449	0.2701031905	0.0935348507	{'oral'}	1	TRUE	FALSE
acrivastine	spag9 (human)	1	1	0.9941422776	0.8701441979	0.2514756873	0.3846652671	0.0346741575	0.0082893083	{'oral'}	1	FALSE	FALSE
activated charcoal	['lrrk2 (human)', 'arf6 (human)', 'autism', 'ntrk2 (human)', 'neuroinflammation']	5	1	0.9923678051	0.9496159375	0.0227491345	0.1175693737	0.0059387938	0.0054026417	{'dental', 'oral', 'topical'}	1	FALSE	FALSE
aluminum chlorohydrate	neurodegenerative disease	1	1	0.9698022112	0.9155908118	0.0294760399	0.1213378885	0.0053317115	0.0091673496	{'topical', 'oral', 'intradermal', 'cutaneous'}	1	FALSE	FALSE
aluminum hydroxide	axonal neuropathy	1	1	0.9909807358	0.936412993	0.0288860654	0.1100533528	0.0047744672	0.0086999179	{'oral', 'topical'}	1	FALSE	FALSE
amifampridine	['spag9 (human)', 'generalized dystonia', 'cerebellar ataxia', 'movement disorder']	4	1	0.9904923813	0.782747555	0.0152863067	0.3517197762	0.010512041	0.007108203	{'oral'}	1	FALSE	FALSE
ammonium chloride	cerebellar ataxia	1	1	0.8670428931	0.9407197906	0.0245466991	0.105392321	0.0041926353	0.0078494906	{'extracorporeal', 'oral', 'intravenous'}	1	FALSE	FALSE
arimoclomol	['cerebellar ataxia', 'neurodegenerative disease']	2	1	0.9934022649	0.8031150049	0.0315796724	0.2119516943	0.0016267705	0.000875418	{'oral'}	1	FALSE	FALSE
armodafinil	['mapk8 (human)', 'neurodegenerative disease', 'arf6 (human)']	3	1	0.9954834531	0.928946956	0.0255025773	0.4205814826	0.0420648626	0.1763261441	{'oral'}	1	FALSE	FALSE
barium sulfate	axonal neuropathy	1	1	0.9779013335	0.8277184879	0.0722759637	0.3975869233	0.00124825	0.0108015559	{'oral', 'rectal'}	1	FALSE	FALSE
benzoic acid	drd1 (human)	1	1	0.9933402221	0.6050307938	0.0093415659	0.3514243849	0.0003903552	0.0156135968	{'dental', 'oral', 'topical', 'intravenous'}	1	FALSE	FALSE
beta carotene	['increased reactive oxygen species production', 'axonal neuropathy', 'neurodegenerative disease']	3	1	0.9862032051	0.9005206846	0.7908004871	0.2646007239	0.2738250373	0.1515161945	{'oral'}	1	FALSE	FALSE
betahistine	['lrrk2 (human)', 'mapk8 (human)']	2	1	0.9928344628	0.9548354435	0.0137050712	0.0993064245	0.0010073912	0.0015600237	{'oral'}	1	FALSE	FALSE
biperiden	['inborn disorder of neurotransmitter metabolism and transport', 'ntrk2 (human)', 'movement disorder', 'generalized dystonia', 'neurodegenerative disease']	5	1	0.9955550513	0.9756103568	0.1768801064	0.0933928601	0.1761264107	0.0545468542	{'oral'}	1	FALSE	FALSE
brivaracetam	['autism', 'neurodegenerative disease', 'movement disorder']	3	1	0.9935968253	0.9304656558	0.0177537037	0.2367682373	0.0320545798	0.0101188871	{'oral', 'intravenous'}	1	FALSE	FALSE
calcifediol	autism	1	1	0.9957095655	0.8230215744	0.5508814648	0.1049574079	0.0945642165	0.0447773818	{'oral'}	1	FALSE	FALSE
calcium lactate	['spastic diplegia', 'autism']	2	1	0.9252948384	0.7520751186	0.00852571	0.2191113472	0.0002644541	0.0039638454	{'dental', 'oral'}	1	FALSE	FALSE
carglumic acid	['mtor (human)', 'generalized dystonia']	2	1	0.8191021806	0.6105655588	0.0144799784	0.3022807524	0.0001535149	0.0021157642	{'oral'}	1	FALSE	FALSE
chenodeoxycholic acid	['lrrk2 (human)', 'cerebellar ataxia', 'ntrk2 (human)', 'movement disorder', 'cdk5 (human)', 'neurodegenerative disease', 'inborn disorder of neurotransmitter metabolism and transport', 'generalized dystonia', 'axonal neuropathy']	9	1	0.9630879734	0.6745467321	0.3452900885	0.1127194952	0.0059404774	0.0102991221	{'oral'}	1	FALSE	FALSE
chlorcyclizine	spastic diplegia	1	1	0.9955772876	0.967650775	0.2677728758	0.0597170241	0.0843168035	0.0498532783	{'oral'}	1	FALSE	FALSE
cholic acid	['cerebellar ataxia', 'mapk8 (human)', 'neurodegenerative disease']	3	1	0.9369682886	0.6566513461	0.2036582571	0.1247796901	0.013890492	0.010781299	{'oral'}	1	FALSE	FALSE
chromium	['lrrk2 (human)', 'neuroinflammation', 'generalized dystonia']	3	1	0.9922512084	0.9473377226	0.0250641239	0.1187026914	0.0043524133	0.0047337577	{'intramuscular', 'oral', 'intravenous'}	1	FALSE	FALSE
citrulline	['spag9 (human)', 'axonal neuropathy', 'lrrk2 (human)']	3	1	0.9492266461	0.5343391864	0.0084258166	0.1322446788	0.0004402025	0.0025833778	{'intramuscular', 'oral'}	0	TRUE	FALSE
cobalt	['lrrk2 (human)', 'neuroinflammation', 'arf6 (human)']	3	1	0.9919591624	0.9481322499	0.0241917957	0.1174691508	0.0044277407	0.0054624612	{'oral', 'sublingual'}	1	FALSE	FALSE
dalfampridine	['neurodevelopmental disorder', 'cerebellar ataxia', 'spastic diplegia', 'autism', 'spasticity', 'neuroinflammation', 'movement disorder', 'neurodegenerative disease', 'inborn disorder of neurotransmitter metabolism and transport', 'spag9 (human)', 'generalized dystonia', 'axonal neuropathy']	12	1	0.9945862563	0.9267268543	0.0448269663	0.4079785713	0.023851728	0.008361607	{'oral'}	1	FALSE	FALSE
dapagliflozin	['increased reactive oxygen species production', 'lrrk2 (human)', 'ntrk2 (human)', 'neurodegenerative disease', 'inborn disorder of neurotransmitter metabolism and transport', 'generalized dystonia', 'axonal neuropathy']	7	1	0.9425643595	0.4893544177	0.5833494711	0.4020463431	0.0358937786	0.1112018126	{'oral'}	1	FALSE	FALSE
daprodustat			1	0.9411509531	0.6539025194	0.1579053883	0.4873669914	0.0323650029	0.0734140615	{'oral'}	TRUE	FALSE	FALSE
deferiprone	['cerebellar ataxia', 'ntrk2 (human)', 'movement disorder', 'neurodegenerative disease', 'inborn disorder of neurotransmitter metabolism and transport', 'generalized dystonia', 'axonal neuropathy']	7	1	0.9912135959	0.8320612474	0.0269542548	0.4216670762	0.0124746627	0.0174093931	{'oral'}	1	FALSE	FALSE
deflazacort	axonal neuropathy	1	1	0.9886856338	0.9733133456	0.3709970534	0.4267502441	0.0568239608	0.0103073491	{'oral'}	1	FALSE	FALSE
deoxycholic acid	['axonal neuropathy', 'lrrk2 (human)', 'mapk8 (human)', 'arf6 (human)']	4	1	0.9852516891	0.6192050151	0.4037004492	0.154373009	0.0140953271	0.0116788191	{'oral', 'subcutaneous'}	1	FALSE	FALSE
dextroamphetamine	['cerebellar ataxia', 'autism', 'movement disorder', 'generalized dystonia', 'inborn disorder of neurotransmitter metabolism and transport', 'axonal neuropathy', 'intellectual disability']	7	1	0.9961276045	0.9655394383	0.0168544448	0.0629453498	0.0093081811	0.0012526437	{'oral', 'transdermal'}	1	FALSE	FALSE
dimethyl fumarate	['increased reactive oxygen species production', 'cerebral atrophy', 'lrrk2 (human)', 'cerebellar ataxia', 'arf6 (human)', 'autism', 'neuroinflammation', 'ntrk2 (human)', 'movement disorder', 'neurodegenerative disease', 'inborn disorder of neurotransmitter metabolism and transport']	11	1	0.9782974923	0.8478549016	0.0270420659	0.2421639264	0.0199736929	0.1635082328	{'oral'}	1	FALSE	FALSE
diphenylpyraline	['spag9 (human)', 'cdk5 (human)', 'mapk8 (human)']	3	1	0.9957144428	0.959649076	0.1370801153	0.080024213	0.1173815156	0.1046578426	{'oral', 'rectal', 'topical'}	1	FALSE	FALSE
doconexent	['increased reactive oxygen species production', 'neurodevelopmental disorder', 'lrrk2 (human)', 'mapk8 (human)', 'cerebellar ataxia', 'autism', 'neuroinflammation', 'ntrk2 (human)', 'movement disorder', 'neurodegenerative disease', 'inborn disorder of neurotransmitter metabolism and transport', 'generalized dystonia', 'axonal neuropathy']	13	1	0.9621764063	0.5787245646	0.1337468552	0.2366970711	0.0259108102	0.3288633992	{'oral'}	1	FALSE	FALSE
doxercalciferol	spag9 (human)	1	1	0.9953617895	0.6637165834	0.6679147121	0.1171362856	0.0871580105	0.1661646823	{'oral', 'intravenous'}	1	FALSE	FALSE
drospirenone	['spag9 (human)', 'axonal neuropathy', 'generalized dystonia']	3	1	0.989575553	0.7028786329	0.4314432917	0.383871374	0.2277436053	0.1302135449	{'oral'}	1	FALSE	FALSE
empagliflozin	['increased reactive oxygen species production', 'lrrk2 (human)', 'arf6 (human)', 'autism', 'neuroinflammation', 'ntrk2 (human)', 'neurodegenerative disease', 'inborn disorder of neurotransmitter metabolism and transport', 'axonal neuropathy']	9	1	0.9056046591	0.3756326954	0.6799391899	0.4215010958	0.0392955721	0.0964417185	{'oral'}	1	FALSE	FALSE
ergosterol	['cdk5 (human)', 'axonal neuropathy']	2	1	0.9958426363	0.8719747328	0.6312581635	0.2572788215	0.2140834055	0.0321764535	{'oral'}	1	FALSE	FALSE
eugenol	['increased reactive oxygen species production', 'neurodegenerative disease']	2	1	0.9966990243	0.8612815837	0.0524403986	0.3138229739	0.3247920844	0.3409589077	{'dental', 'oral', 'topical', 'cutaneous'}	1	FALSE	FALSE
fenfluramine	['autism', 'axonal neuropathy', 'intellectual disability', 'inborn disorder of neurotransmitter metabolism and transport']	4	1	0.9966970159	0.953669498	0.043213005	0.0706844218	0.1297110049	0.02006828	{'oral'}	1	FALSE	FALSE
gamolenic acid	ntrk2 (human)	1	1	0.9771792978	0.662067394	0.0511200376	0.1922745498	0.0265215432	0.331739447	{'oral'}	1	FALSE	FALSE
ganaxolone	['autism', 'intellectual disability', 'cerebellar ataxia', 'inborn disorder of neurotransmitter metabolism and transport']	4	1	0.9961417072	0.7628506224	0.4312663415	0.3254403351	0.0277238695	0.2996798299	{'oral'}	1	FALSE	FALSE
glycerin	['lrrk2 (human)', 'mapk8 (human)', 'cerebellar ataxia', 'arf6 (human)', 'autism', 'neuroinflammation', 'ntrk2 (human)', 'generalized dystonia', 'inborn disorder of neurotransmitter metabolism and transport']	9	1	0.9425293246	0.79369269	0.0279580034	0.0412579601	0.0005103663	0.0007657464	{'oral', 'auricular (otic)', 'subcutaneous', 'irrigation', 'cutaneous', 'percutaneous', 'dental', 'unknown', 'intrauterine', 'rectal', 'topical', 'enteral', 'intravenous', 'nasal', 'extracorporeal', 'ophthalmic', 'vaginal', 'intradermal'}	1	FALSE	FALSE
hydrogen peroxide	['increased reactive oxygen species production', 'cerebral atrophy', 'lrrk2 (human)', 'cerebellar ataxia', 'drd1 (human)', 'arf6 (human)', 'neuroinflammation', 'ntrk2 (human)', 'cdk5 (human)', 'spag9 (human)', 'axonal neuropathy', 'muscle stiffness']	12	1	0.9862331632	0.9323438929	0.0167246821	0.151266616	0.0005283619	0.00218571	{'oral', 'periodontal', 'dental', 'topical', 'extracorporeal', 'buccal', 'respiratory (inhalation)'}	1	FALSE	FALSE
icosapent	['increased reactive oxygen species production', 'cerebral atrophy', 'mapk8 (human)', 'lrrk2 (human)', 'arf6 (human)', 'autism', 'neuroinflammation', 'ntrk2 (human)', 'movement disorder', 'neurodegenerative disease', 'inborn disorder of neurotransmitter metabolism and transport', 'spag9 (human)', 'generalized dystonia', 'drd2 (human)']	14	1	0.9583994432	0.5943169623	0.0869553252	0.2372339959	0.0195992225	0.2161727551	{'oral', 'cutaneous'}	1	FALSE	FALSE
idebenone	['increased reactive oxygen species production', 'cerebellar ataxia', 'movement disorder', 'neurodegenerative disease', 'generalized dystonia', 'spag9 (human)', 'axonal neuropathy', 'intellectual disability']	8	1	0.9881657448	0.8242016708	0.1512016911	0.2175015525	0.3220125946	0.1774557073	{'oral'}	1	FALSE	FALSE
imipramine	['increased reactive oxygen species production', 'arf6 (human)', 'autism', 'spasticity', 'neurodegenerative disease', 'inborn disorder of neurotransmitter metabolism and transport', 'generalized dystonia', 'axonal neuropathy']	8	1	0.997023233	0.992448805	0.4882201739	0.2599889116	0.0253612575	0.0088997902	{'intramuscular', 'oral'}	1	FALSE	FALSE
iodine	['lrrk2 (human)', 'mapk8 (human)', 'autism', 'inborn disorder of neurotransmitter metabolism and transport', 'hypotonia', 'axonal neuropathy', 'intellectual disability']	7	1	0.9927511012	0.9393782669	0.0223073643	0.3152126004	0.0428059361	0.0481231287	{'infiltration', 'oral', 'subcutaneous', 'vaginal', 'nasal', 'topical', 'transdermal', 'intravenous', 'perineural'}	1	FALSE	FALSE
isosorbide	axonal neuropathy	1	1	0.9314703441	0.8063537343	0.0095132872	0.1816433914	0.0005856651	0.0003152959	{'oral'}	1	FALSE	FALSE
lacosamide	['cerebellar ataxia', 'autism', 'movement disorder', 'generalized dystonia', 'neurodegenerative disease', 'axonal neuropathy', 'intellectual disability']	7	1	0.9943297259	0.8898463957	0.0206686658	0.2857666165	0.010769938	0.0071002133	{'oral', 'intravenous'}	1	FALSE	FALSE
lauric acid	drd2 (human)	1	1	0.991304703	0.8462737855	0.01732303	0.2272833599	0.0031698703	0.0261145454	{'oral', 'topical'}	1	FALSE	FALSE
levocetirizine	mtor (human)	1	1	0.9921715797	0.5297633437	0.2019350111	0.1463141695	0.0378828213	0.0459252955	{'oral', 'topical', 'transdermal'}	1	FALSE	FALSE
levorphanol	cerebral atrophy	1	1	0.9957122958	0.9844186376	0.0422445852	0.0525042046	0.0248478402	0.0063340551	{'oral', 'parenteral'}	1	FALSE	FALSE
linoleic acid	['lrrk2 (human)', 'arf6 (human)', 'ntrk2 (human)', 'neuroinflammation', 'inborn disorder of neurotransmitter metabolism and transport']	5	1	0.9890417307	0.8333669403	0.0587797649	0.2157582411	0.0134751965	0.1358932428	{'oral', 'topical'}	1	FALSE	FALSE
lithium carbonate	intellectual disability	1	1	0.9685750852	0.8145365511	0.0174544794	0.299621923	0.000382332	0.0088797404	{'oral'}	1	FALSE	FALSE
lofexidine	['spag9 (human)', 'arf6 (human)']	2	1	0.9964775306	0.8587118436	0.0351862345	0.3853821423	0.0182162912	0.03247393	{'oral'}	1	FALSE	FALSE
lonafarnib	['spag9 (human)', 'drd2 (human)']	2	1	0.9927427854	0.9227489785	0.8570122253	0.4009785281	0.3765205316	0.3651408221	{'oral'}	1	FALSE	FALSE
lycopene	['increased reactive oxygen species production', 'lrrk2 (human)', 'arf6 (human)', 'autism', 'movement disorder', 'generalized dystonia', 'inborn disorder of neurotransmitter metabolism and transport']	7	1	0.9822967327	0.9008278924	0.7852682746	0.2387431309	0.1622274747	0.3385561258	{'oral', 'topical'}	1	FALSE	FALSE
magnesium chloride	muscle stiffness	1	1	0.9863671387	0.9438675912	0.0255411019	0.1192700368	0.0064991155	0.0073130374	{'oral', 'intraocular', 'irrigation', 'rectal', 'topical', 'intravenous', 'intrathecal', 'ophthalmic', 'hemodialysis', 'buccal', 'intra-arterial', 'intraperitoneal'}	1	FALSE	FALSE
mecamylamine	['autism', 'movement disorder']	2	1	0.9907796334	0.9438868629	0.0301224862	0.1252178156	0.0157812858	0.0520997809	{'oral'}	1	FALSE	FALSE
mephenytoin	autism	1	1	0.9950766555	0.974142818	0.019470238	0.4836120025	0.0204131633	0.1308392294	{'oral'}	1	FALSE	FALSE
molybdenum	lrrk2 (human)	1	1	0.9920875184	0.9479504188	0.0233129206	0.1183155858	0.0046733701	0.0048778411	{'oral'}	1	FALSE	FALSE
mycophenolate mofetil	['cerebellar ataxia', 'neuroinflammation', 'movement disorder', 'neurodegenerative disease', 'inborn disorder of neurotransmitter metabolism and transport', 'spag9 (human)', 'generalized dystonia', 'axonal neuropathy']	8	1	0.9902909925	0.7183506942	0.4899126015	0.4750556312	0.424106029	0.046143991	{'oral', 'intravenous'}	1	FALSE	FALSE
nalmefene	['autism', 'axonal neuropathy', 'intellectual disability']	3	1	0.9953256725	0.9811043068	0.0820963062	0.0615451977	0.0609834048	0.0148662878	{'oral', 'subcutaneous', 'intramuscular', 'nasal', 'intravenous'}	1	FALSE	FALSE
naltrexone	['neurodevelopmental disorder', 'autism', 'spasticity', 'neuroinflammation', 'movement disorder', 'generalized dystonia', 'inborn disorder of neurotransmitter metabolism and transport', 'axonal neuropathy', 'intellectual disability']	9	1	0.9945193041	0.9771532012	0.0371925008	0.069388317	0.0190530175	0.0061997631	{'intramuscular', 'oral', 'subcutaneous', 'not applicable'}	1	FALSE	FALSE
palmitic acid	['lrrk2 (human)', 'arf6 (human)', 'ntrk2 (human)', 'neuroinflammation', 'cdk5 (human)', 'generalized dystonia', 'drd2 (human)']	7	1	0.9877561332	0.8726295887	0.0303482977	0.2328719969	0.0031511641	0.0756318585	{'oral', 'endotracheal', 'topical', 'intravenous', 'cutaneous'}	1	FALSE	FALSE
panthenol	increased reactive oxygen species production	1	1	0.9851161762	0.672661121	0.012011322	0.0469250285	0.0010744545	0.00412923	{'oral', 'topical', 'transdermal', 'intravenous', 'vaginal', 'cutaneous'}	1	FALSE	FALSE
phenol	['lrrk2 (human)', 'drd1 (human)', 'spastic diplegia', 'spasticity', 'neuroinflammation', 'movement disorder', 'generalized dystonia']	7	1	0.9959096457	0.9155814609	0.0145641321	0.1538730448	0.0415275627	0.1232806268	{'oral', 'subcutaneous', 'percutaneous', 'intramuscular', 'topical', 'buccal', 'intradermal'}	1	FALSE	FALSE
phenylbutyric acid	['lrrk2 (human)', 'cerebellar ataxia', 'arf6 (human)', 'autism', 'neuroinflammation', 'ntrk2 (human)', 'movement disorder', 'neurodegenerative disease', 'inborn disorder of neurotransmitter metabolism and transport', 'generalized dystonia', 'axonal neuropathy', 'intellectual disability']	12	1	0.9942437051	0.8448663202	0.0122819126	0.2790358909	0.0009339675	0.0081901427	{'not applicable', 'oral'}	1	FALSE	FALSE
pitavastatin	['increased reactive oxygen species production', 'lrrk2 (human)', 'mapk8 (human)', 'arf6 (human)', 'neurodegenerative disease']	5	1	0.9893998818	0.7383006185	0.613707866	0.4407627255	0.2223613331	0.2084149699	{'oral'}	1	FALSE	FALSE
pitolisant	['autism', 'neurodevelopmental disorder', 'movement disorder']	3	1	0.9951136957	0.9741868234	0.1517449972	0.0950230238	0.0417313295	0.0089643596	{'oral'}	1	FALSE	FALSE
pramocaine	axonal neuropathy	1	1	0.9953296108	0.9514980303	0.0762482455	0.1469500834	0.1112281365	0.0875716851	{'auricular (otic)', 'oral', 'rectal', 'topical', 'vaginal'}	1	FALSE	FALSE
prasterone	['increased reactive oxygen species production', 'lrrk2 (human)', 'arf6 (human)', 'autism', 'ntrk2 (human)', 'neurodegenerative disease', 'inborn disorder of neurotransmitter metabolism and transport', 'generalized dystonia']	8	1	0.9964184651	0.6140643504	0.2797866215	0.2668397588	0.0171034283	0.0494962598	{'vaginal', 'oral'}	1	FALSE	FALSE
propiverine	intellectual disability	1	1	0.9940791472	0.9103519104	0.6893201515	0.1260671511	0.4318695326	0.1366015856	{'oral'}	1	FALSE	FALSE
prucalopride	generalized dystonia	1	1	0.9944212626	0.9479915771	0.1164276268	0.4382432205	0.0842575027	0.015451295	{'oral'}	1	FALSE	FALSE
safinamide	['movement disorder', 'cerebellar ataxia', 'drd1 (human)']	3	1	0.9965391924	0.8679395177	0.1151080836	0.4992038817	0.1189766161	0.0468986233	{'oral'}	1	FALSE	FALSE
selegiline	['increased reactive oxygen species production', 'drd1 (human)', 'inborn disorder of neurotransmitter metabolism and transport', 'ntrk2 (human)', 'movement disorder', 'generalized dystonia', 'neurodegenerative disease', 'axonal neuropathy']	8	1	0.9958799028	0.9596664862	0.0338558007	0.0505509561	0.0180234956	0.0036060927	{'oral', 'transdermal'}	1	FALSE	FALSE
selenious acid	['increased reactive oxygen species production', 'lrrk2 (human)', 'arf6 (human)', 'autism', 'neuroinflammation', 'ntrk2 (human)', 'neurodegenerative disease', 'inborn disorder of neurotransmitter metabolism and transport']	8	1	0.9893828643	0.7804059944	0.0535727758	0.3239236977	0.0096414532	0.0268346165	{'oral', 'intravenous'}	1	FALSE	FALSE
silicon	lrrk2 (human)	1	1	0.9922445813	0.9484414645	0.0228628862	0.1316047018	0.0062894578	0.0061355608	{'oral'}	1	FALSE	FALSE
sodium fluoride	axonal neuropathy	1	1	0.9864736638	0.9484181889	0.0204909545	0.1140134754	0.0042915969	0.0061104502	{'oral', 'periodontal', 'dental', 'topical', 'intravenous', 'buccal'}	1	FALSE	FALSE
sodium fluorophosphate	['spastic diplegia', 'autism']	2	1	0.9749758973	0.9154067575	0.0238316923	0.2426049219	0.0039035671	0.0028769962	{'oral', 'periodontal', 'dental', 'topical', 'buccal'}	1	FALSE	FALSE
sodium phosphate, dibasic	neurodegenerative disease	1	1	0.9696540446	0.922906574	0.0135062095	0.213543237	0.0649214226	0.0221947906	{'oral', 'intraocular', 'irrigation', 'unknown', 'rectal', 'topical', 'intravenous', 'buccal', 'respiratory (inhalation)'}	1	FALSE	FALSE
tapentadol	generalized dystonia	1	1	0.9970654795	0.9616367377	0.0280149771	0.0878982395	0.0061422751	0.0040594752	{'oral'}	1	FALSE	FALSE
tasimelteon	['neurodevelopmental disorder', 'intellectual disability']	2	1	0.9965646683	0.9687335798	0.078883091	0.3779719824	0.1546180614	0.0166612349	{'oral'}	1	FALSE	FALSE
tauroursodeoxycholic acid	['lrrk2 (human)', 'cerebellar ataxia', 'drd1 (human)', 'arf6 (human)', 'neuroinflammation', 'ntrk2 (human)', 'movement disorder', 'neurodegenerative disease', 'inborn disorder of neurotransmitter metabolism and transport', 'axonal neuropathy']	10	1	0.9562847067	0.6856686044	0.354780112	0.2043227754	0.038218034	0.0063333073	{'oral'}	1	FALSE	FALSE
terfenadine	['mapk8 (human)', 'generalized dystonia', 'drd1 (human)']	3	1	0.9927767658	0.8684898157	0.8898985154	0.0584206067	0.0631542973	0.0447516306	{'oral'}	1	FALSE	FALSE
teriflunomide	['cerebral atrophy', 'mapk8 (human)', 'lrrk2 (human)', 'spasticity', 'ntrk2 (human)', 'movement disorder', 'cdk5 (human)', 'neurodegenerative disease', 'spag9 (human)']	9	1	0.9938062708	0.7893003589	0.0298743437	0.4740049907	0.0742261627	0.2518141662	{'oral'}	1	FALSE	FALSE
titanium dioxide	['mapk8 (human)', 'neurodegenerative disease']	2	1	0.9610782711	0.8926465923	0.0396869983	0.1562569454	0.0162834661	0.0428021738	{'not applicable', 'oral', 'dental', 'topical', 'cutaneous'}	1	FALSE	FALSE
topotecan	['inborn disorder of neurotransmitter metabolism and transport', 'ntrk2 (human)', 'cerebellar ataxia', 'movement disorder']	4	1	0.9846547127	0.8110114534	0.3178287579	0.4175126324	0.0128339539	0.0375366769	{'oral', 'intravenous'}	1	FALSE	FALSE
treprostinil	ntrk2 (human)	1	1	0.959899857	0.5016096983	0.2389955005	0.2751079287	0.0316831305	0.0265196732	{'oral', 'subcutaneous', 'intravenous'}	1	FALSE	FALSE
trimethadione	autism	1	1	0.9879109149	0.9704408024	0.0160281028	0.3217707502	0.0055160467	0.0233478711	{'oral'}	1	FALSE	FALSE
ubiquinol	['increased reactive oxygen species production', 'neurodevelopmental disorder', 'cerebellar ataxia', 'autism', 'movement disorder']	5	1	0.9851963134	0.7648934115	0.7932459857	0.3148073309	0.4847772318	0.1224862013	{'oral'}	1	FALSE	FALSE
urea	['lrrk2 (human)', 'arf6 (human)', 'neuroinflammation', 'neurodegenerative disease', 'inborn disorder of neurotransmitter metabolism and transport']	5	1	0.9857830832	0.8007835345	0.0592841757	0.2405954166	0.0006241194	0.0010418709	{'vaginal', 'oral', 'topical', 'cutaneous'}	1	FALSE	FALSE
vanadium	['lrrk2 (human)', 'ntrk2 (human)']	2	1	0.99245133	0.947812499	0.0230747768	0.1170644768	0.0048372263	0.0050658304	{'oral'}	1	FALSE	FALSE
vildagliptin	['increased reactive oxygen species production', 'ntrk2 (human)', 'movement disorder', 'inborn disorder of neurotransmitter metabolism and transport', 'axonal neuropathy']	5	1	0.9925078024	0.7537706805	0.0333502648	0.1456137037	0.0503137239	0.0091717461	{'oral'}	1	FALSE	FALSE
water	['increased reactive oxygen species production', 'cerebral atrophy', 'spastic diplegia', 'autism', 'neurodegenerative disease', 'inborn disorder of neurotransmitter metabolism and transport']	6	1	0.9925515831	0.9527317296	0.0212280764	0.1100986805	0.0051519828	0.0082433038	{'parenteral', 'dental', 'intralesional', 'intramuscular', 'topical', 'conjunctival', 'intrauterine', 'cutaneous', 'infiltration', 'subcutaneous', 'ophthalmic', 'intracavernous', 'vaginal', 'intradermal', 'soft tissue', 'intraperitoneal', 'intravascular', 'oral', 'intraocular', 'epidural', 'irrigation', 'intravenous', 'respiratory (inhalation)', 'intra-articular', 'intravesical'}	1	FALSE	FALSE
zinc oxide	['increased reactive oxygen species production', 'lrrk2 (human)', 'autism', 'neuroinflammation', 'generalized dystonia']	5	1	0.9396548299	0.8347925834	0.0468955783	0.1441622629	0.0057293217	0.0105170148	{'not applicable', 'oral', 'dental', 'rectal', 'topical', 'transdermal', 'cutaneous'}	1	FALSE	FALSE
acetate	['lrrk2 (human)', 'arf6 (human)', 'autism', 'neuroinflammation', 'ntrk2 (human)', 'cdk5 (human)', 'generalized dystonia', 'inborn disorder of neurotransmitter metabolism and transport', 'spag9 (human)', 'drd2 (human)']	10	0	0.9871421679	0.7042437274	0.0153822488	0.2821690219	0.0002877854	0.0035873486	{'oral'}	0	FALSE	FALSE
beta-sitosterol	['increased reactive oxygen species production', 'lrrk2 (human)', 'arf6 (human)', 'neurodegenerative disease', 'drd2 (human)']	5	0	0.9959351327	0.8390532869	0.6122862386	0.1988060534	0.0282608337	0.0563122685	{'oral'}	0	FALSE	FALSE
boron	['neuroinflammation', 'neurodegenerative disease']	2	0	0.9918329617	0.9455947844	0.0368836602	0.153985622	0.0103033661	0.0056454803	{'oral'}	0	FALSE	FALSE
dexchlorpheniramine	arf6 (human)	1	0	0.9962068996	0.8940274011	0.0597666918	0.0662314176	0.020255027	0.0098532626	{'oral'}	0	FALSE	FALSE
dimethyl sulfone	['spag9 (human)', 'increased reactive oxygen species production', 'neuroinflammation']	3	0	0.9349536049	0.8293899442	0.0566673767	0.2431258768	0.0079604805	0.0072340024	{'oral', 'topical'}	0	FALSE	FALSE
l-tartaric acid	drd2 (human)	1	0	0.8443892016	0.5406575261	0.0081556034	0.1300044064	0.0103890096	0.0277025412	{'oral'}	0	FALSE	FALSE
octacosanol	increased reactive oxygen species production	1	0	0.9828544943	0.9222755881	0.5407537802	0.2292588138	0.0129188733	0.1183716215	{'oral'}	0	FALSE	FALSE
sulfate ion	['neuroinflammation', 'lrrk2 (human)', 'ntrk2 (human)', 'arf6 (human)']	4	0	0.9799841961	0.8203802833	0.063174485	0.3699458094	0.0009760931	0.0130503598	{'oral', 'topical'}	0	FALSE	FALSE