DrugBank:Main Name,Score,Molecular Mechanism,Pathway modulated,Pre-clinician Score,DrugBank:FDA Approved,Less than $500,Pediatric Safety,Blood Brain Barrier,P-glycoprotein Inhibition,Human Intestinal Absorption,Drug Induced Liver Injury,Data Source
Flunisolide,#N/A,upregulate GAT1,,3,1,TRUE,TRUE,0.9827511472,0.0888668591,0.9864486364,0.3601228259,translator
Lubiprostone,#N/A,upregulate GAT1,,3,1,TRUE,TRUE,0.6786430475,0.2491633761,0.9863959749,0.4281844591,translator
Acetaminophen,6,everything,,3,1,TRUE,TRUE,0.9359446613,0.0124677374,0.9927615137,0.2638209078,translator
Acetylcysteine,6,everything,,3,1,TRUE,TRUE,0.6884013068,0.0062169445,0.9750061924,0.2103022993,translator
Amitriptyline,6,everything,,3,1,TRUE,TRUE,0.986974623,0.6932192991,0.9969217344,0.1981365699,translator
Azelaic acid,6,"GABA A receptor antagonist, upregulate GAT1","upregulate PRKCA, upregulate PRKCB, upregulate PRKCG, upregulate CDK5, upregulate GSK3B, upregulate RNF34, upregulate SLC12A2",3,1,TRUE,TRUE,0.7754936393,0.0081235747,0.7078978633,0.1871451921,translator
Betamethasone,6,everything,"upregulate GRK2, upregulate GRK3, upregulate ARRB2, upregulate RGS4, upregulate RGS6, upregulate RGS7, upregulate REST, upregulate MECP2",3,1,TRUE,TRUE,0.7130232304,0.1704179436,0.9932225293,0.1705295288,translator
Biotin,6,everything,,3,1,TRUE,TRUE,0.610813498,0.016921762,0.9453523911,0.2349649545,translator
Budesonide,6,everything,,3,1,TRUE,TRUE,0.9707924453,0.2514899763,0.9923607114,0.2823980732,translator
Buspirone,6,"GABA A receptor antagonist, upregulate GAT1","upregulate PRKCA, upregulate PRKCB, upregulate PRKCG, upregulate CDK5, upregulate GSK3B, upregulate RNF34, upregulate SLC12A2, upregulate STING1, upregulate TBK1, upregulate IRF3",3,1,TRUE,TRUE,0.9705618964,0.3264386712,0.9926834405,0.178868901,translator
Clonidine,6,everything,,3,1,TRUE,TRUE,0.9335289405,0.0255770787,0.9942425168,0.2648746612,translator
Escitalopram,6,upregulate GAT1,"inhibit STX1A, upregulate STING1, upregulate TBK1, upregulate IRF3",3,1,TRUE,TRUE,0.9620053659,0.1783148439,0.9933702336,0.1387503863,translator
Fluvoxamine,6,"GABA A receptor antagonist, upregulate GAT1","upregulate PRKCA, upregulate PRKCB, upregulate PRKCG, upregulate CDK5, upregulate GSK3B, upregulate RNF34, upregulate SLC12A2, upregulate STING1, upregulate TBK1, upregulate IRF3",3,1,TRUE,TRUE,0.9028752607,0.070158972,0.9941701622,0.1366649673,translator
Gabapentin,6,upregulate GAT1,upregulate SLC6A1,3,1,TRUE,TRUE,0.9167903331,0.0078341423,0.9949511682,0.1078927868,translator
Glutamic acid,6,everything,,3,1,TRUE,TRUE,0.5129646899,0.0080917982,0.9730797613,0.1406333591,translator
Lovastatin,6,everything,"upregulate KCTD12, upregulate KCTD16, upregulate GRK2, upregulate GRK3, upregulate ARRB2, upregulate RGS4, upregulate RGS6, upregulate RGS7, upregulate REST, upregulate MECP2",3,1,TRUE,TRUE,0.8621350857,0.8144671965,0.9937657273,0.2204560961,translator
Metformin,6,everything,,3,1,TRUE,TRUE,0.6405290761,0.0299544577,0.9711515714,0.0779986519,translator
Metoprolol,6,everything,,3,1,TRUE,TRUE,0.8465716479,0.0646611352,0.9956387745,0.0883883672,translator
Propranolol,6,everything,,3,1,TRUE,TRUE,0.6028237075,0.1423310062,0.9963829418,0.1399007758,translator
Pyridoxine,6,upregulate GAT1,inhibit STX1A,3,1,TRUE,TRUE,0.6089579299,0.0238434105,0.9864176723,0.1069265592,translator
Sertraline,6,upregulate GAT1,"upregulate STING1, upregulate TBK1, upregulate IRF3",3,1,TRUE,TRUE,0.9602892628,0.2864629205,0.9963898118,0.270668638,translator
Triamcinolone,6,"GABA A receptor antagonist, upregulate GAT1","upregulate PRKCA, upregulate PRKCB, upregulate PRKCG, upregulate CDK5, upregulate GSK3B, upregulate RNF34, upregulate SLC12A2, upregulate STING1, upregulate TBK1, upregulate IRF3",3,1,TRUE,TRUE,0.5382120628,0.1016503443,0.9874542498,0.2060012842,translator
Calcitriol,5,everything,,3,1,TRUE,TRUE,0.654870169,0.5502206376,0.9939736994,0.078336732,translator
Captopril,5,everything,,3,1,TRUE,TRUE,0.8258138684,0.0117413753,0.9882524703,0.3662746045,translator
Dextromethorphan,5,"GABA A receptor antagonist, upregulate GAT1","upregulate CDK5, upregulate GSK3B, upregulate RNF34, upregulate SLC12A2, upregulate STING1, upregulate TBK1, upregulate IRF3",3,1,TRUE,TRUE,0.9896614586,0.0770673133,0.9964811651,0.0554307628,translator
Ezetimibe,5,everything,,3,1,TRUE,TRUE,0.6207373187,0.7595394224,0.9911352585,0.408260823,translator
Guanfacine,5,everything,,3,1,TRUE,TRUE,0.8308571865,0.0268598554,0.9940558823,0.3408409541,translator
Levetiracetam,5,everything,,3,1,TRUE,TRUE,0.9616512049,0.0088545982,0.9936802522,0.2446875315,translator
Lidocaine,5,everything,"upregulate KCTD12, upregulate KCTD16, upregulate GRK2, upregulate GRK3, upregulate ARRB2, upregulate RGS4, upregulate RGS6, upregulate RGS7, upregulate REST, upregulate MECP2, inhibit GABBR1",3,1,TRUE,TRUE,0.9607020048,0.0176692955,0.9957226889,0.1275482263,translator
Memantine,5,everything,,3,1,TRUE,TRUE,0.9530087669,0.0304799166,0.9931982458,0.1627019182,translator
Methylprednisolone,5,everything,,3,1,TRUE,TRUE,0.6799579734,0.3370016974,0.994588829,0.1512332937,translator
Amantadine,4,everything,,3,1,TRUE,TRUE,0.9590178545,0.0316617165,0.9947038662,0.1653867416,translator
Bisoprolol,4,everything,,3,1,TRUE,TRUE,0.6172274123,0.155781309,0.9945007443,0.0984139437,translator
Ciclopirox,4,everything,,3,1,TRUE,TRUE,0.9180207581,0.043014335,0.9969760557,0.2624977314,translator
Clemastine,4,upregulate GAT1,inhibit STX1A,3,1,TRUE,TRUE,0.9759375362,0.6988985776,0.9962602638,0.0808508324,translator
Dexmedetomidine,4,everything,,3,1,TRUE,TRUE,0.9551233915,0.0648421437,0.9969140064,0.4488080148,translator
Hydroxyurea,4,everything,,3,1,TRUE,TRUE,0.8049959977,0.0340178223,0.9791829144,0.2577863354,translator
Insulin human,4,everything,,3,1,TRUE,TRUE,,,,,translator
Naloxone,4,everything,,3,1,TRUE,TRUE,0.9766973501,0.0362552897,0.9946825046,0.0492715036,translator
Pregabalin,4,upregulate GAT1,upregulate SLC6A1,3,1,TRUE,TRUE,0.6989320913,0.0138509315,0.991528913,0.0690958076,translator
Progesterone,4,everything,,3,1,TRUE,TRUE,0.224789552,0.601473929,0.9967814351,0.4204950912,translator
Pseudoephedrine,4,everything,,3,1,TRUE,TRUE,0.5740151209,0.0155872898,0.9958433434,0.0699944505,translator
Tretinoin,4,everything,,3,1,TRUE,TRUE,0.8323522311,0.1676068926,0.9944326323,0.2686619844,translator
Acamprosate,3,GABA B receptor antagonist,"inhibit GABBR1, inhibit GABBR2",3,1,TRUE,TRUE,0.8691102659,0.0114947798,0.9705819608,0.1951547666,translator
Anakinra,3,everything,,3,1,TRUE,TRUE,,,,,translator
Arsenic trioxide,3,everything,,3,1,TRUE,TRUE,0.929555996,0.0275154124,0.9895080464,0.2076236962,translator
Cilostazol,3,everything,,3,1,TRUE,TRUE,0.9068267925,0.5639527137,0.9946691935,0.29056183,translator
Desflurane,3,GABA A receptor antagonist,"inhibit GABRA1, inhibit GABRB2, inhibit GABRG2, upregulate SLC12A2",3,1,TRUE,TRUE,0.9288782245,0.0287807259,0.9921863584,0.1657588741,translator
Eplerenone,3,everything,,3,1,TRUE,TRUE,0.9091744589,0.3319196378,0.9905279282,0.3996676024,translator
gamma-Hydroxybutyric acid,3,everything,,3,1,TRUE,TRUE,0.6615746959,0.0086696188,0.9493179992,0.0738772617,translator
Human immunoglobulin G,3,everything,,3,1,TRUE,TRUE,,,,,translator
Ketamine,3,everything,,3,1,TRUE,TRUE,0.9612701608,0.0323468063,0.997360902,0.1265450861,translator
Moclobemide,3,"GABA A receptor antagonist, upregulate GAT1",,3,1,TRUE,TRUE,0.9740061292,0.0227663935,0.9970012761,0.2952732149,translator
Nalbuphine,3,upregulate GAT1,inhibit STX1A,3,1,TRUE,TRUE,0.9550057981,0.0386948937,0.9934313716,0.0595198951,translator
Nitroglycerin,3,everything,,3,1,TRUE,TRUE,0.685056524,0.0294825245,0.963436814,0.3016741982,translator
Paricalcitol,3,everything,,3,1,TRUE,TRUE,0.6612812079,0.5251294996,0.9939686765,0.112862366,translator
Pentobarbital,3,GABA A receptor antagonist,,3,1,TRUE,TRUE,0.9316901669,0.0229792609,0.9933293597,0.422990636,translator
Phentolamine,3,"GABA A receptor antagonist, upregulate GAT1",,3,1,TRUE,TRUE,0.7520855714,0.2219936838,0.9954271589,0.2271485286,translator
Pilocarpine,3,everything,,3,1,TRUE,TRUE,0.8699254342,0.0298136803,0.9940640605,0.2912297216,translator
Praziquantel,3,everything,,3,1,TRUE,TRUE,0.9657708695,0.1434812088,0.9961404791,0.3002681173,translator
Primidone,3,GABA A receptor antagonist,,3,1,TRUE,TRUE,0.9292865703,0.0135331912,0.9938060534,0.2819771311,translator
Propofol,3,everything,,3,1,TRUE,TRUE,0.9544031522,0.0438904852,0.9957268701,0.1378811793,translator
Pyridostigmine,3,upregulate GAT1,"upregulate STING1, upregulate TBK1, upregulate IRF3",3,1,TRUE,TRUE,0.9307588129,0.0173696273,0.9862945272,0.2802633548,translator
Quinine,3,everything,,3,1,TRUE,TRUE,0.7829501185,0.7078066486,0.9960343636,0.3809571857,translator
Remifentanil,3,everything,,3,1,TRUE,TRUE,0.9354470715,0.2629528068,0.9912763253,0.1589155253,translator
Rivastigmine,3,everything,,3,1,TRUE,TRUE,0.9677204816,0.0176169585,0.9950578349,0.1275095874,translator
Ropivacaine,3,everything,,3,1,TRUE,TRUE,0.964700856,0.0355389117,0.9965319973,0.1253456586,translator
Sevoflurane,3,everything,,3,1,TRUE,TRUE,0.9594625525,0.0315225436,0.9921255258,0.181335672,translator