DrugBank:Main Name,Score,Pre-clinician score,DrugBank:FDA Approved,Less than $500,Pediatric Safety,Blood Brain Barrier,P-glycoprotein Inhibition,Human Intestinal Absorption,Drug Induced Liver Injury,Have It,Screened It,Rescue,Eckenrode,Martinez,Souder,Drug Type,Therapeutic Category,Targeted Symptoms,Proteins of Interest,Available on MedChem
Naloxone,#N/A,,FALSE,FALSE,FALSE,,,,,FALSE,FALSE,FALSE,,,,,Protein of interest modulator,,,FALSE
Hydroxyurea,#N/A,,FALSE,FALSE,FALSE,,,,,FALSE,FALSE,FALSE,,,,,Protein of interest modulator,,,FALSE
Gemfibrozil,#N/A,,FALSE,FALSE,FALSE,,,,,FALSE,FALSE,FALSE,,,,,Protein of interest modulator,,,FALSE
Ezetimibe,#N/A,,FALSE,FALSE,FALSE,,,,,FALSE,FALSE,FALSE,,,,,Protein of interest modulator,,,FALSE
Acetylcysteine,6,3,TRUE,TRUE,TRUE,68.84013068%,0.62169445%,97.50061924%,21.03022993%,TRUE,FALSE,FALSE,"Yes, would feel comfortable prescribing to rare pediatric patient for ZARD.","Yes, would feel comfortable prescribing to rare pediatric patient for ZARD.","Yes, would feel comfortable prescribing to rare pediatric patient for ZARD.",mucolytic,Protein of interest modulator,,DLG4,FALSE
Amitriptyline,6,3,TRUE,TRUE,TRUE,98.6974623%,69.32192991%,99.69217344%,19.81365699%,FALSE,FALSE,FALSE,"Yes, would feel comfortable prescribing to rare pediatric patient for ZARD.","Yes, would feel comfortable prescribing to rare pediatric patient for ZARD.","Yes, would feel comfortable prescribing to rare pediatric patient for ZARD.",antidepressant,"Protein of interest modulator, Neurotransmitter modulator",,"RLIM, DLG4",FALSE
Betamethasone,6,3,TRUE,TRUE,TRUE,71.30232304%,17.04179436%,99.32225293%,17.05295288%,FALSE,FALSE,FALSE,"Yes, would feel comfortable prescribing to rare pediatric patient for ZARD.","Yes, would feel comfortable prescribing to rare pediatric patient for ZARD.","Yes, would feel comfortable prescribing to rare pediatric patient for ZARD.",corticosteroid,Protein of interest modulator,,RLIM,FALSE
Budesonide,6,3,TRUE,TRUE,TRUE,97.07924453%,25.14899763%,99.23607114%,28.23980732%,FALSE,FALSE,FALSE,"Yes, would feel comfortable prescribing to rare pediatric patient for ZARD.","Yes, would feel comfortable prescribing to rare pediatric patient for ZARD.","Yes, would feel comfortable prescribing to rare pediatric patient for ZARD.",corticosteroid,"Symptomatic relief, Protein of interest modulator","congenital laryngomalacia, arthrogryposis multiplex congenita, congenital vertical talus",,FALSE
Buspirone,6,3,TRUE,TRUE,TRUE,97.05618964%,32.64386712%,99.26834405%,17.8868901%,TRUE,FALSE,FALSE,"Yes, would feel comfortable prescribing to rare pediatric patient for ZARD.","Yes, would feel comfortable prescribing to rare pediatric patient for ZARD.","Yes, would feel comfortable prescribing to rare pediatric patient for ZARD.",anxiolytic,Neurotransmitter modulator,,,FALSE
Clindamycin,6,3,TRUE,TRUE,TRUE,13.18479836%,52.26873862%,89.67617922%,31.32269302%,FALSE,FALSE,FALSE,"Yes, would feel comfortable prescribing to rare pediatric patient for ZARD.","Yes, would feel comfortable prescribing to rare pediatric patient for ZARD.","Yes, would feel comfortable prescribing to rare pediatric patient for ZARD.",antibiotic,Symptomatic relief,esotropia,,FALSE
Clonidine,6,3,TRUE,TRUE,TRUE,93.35289405%,2.55770787%,99.42425168%,26.48746612%,FALSE,FALSE,FALSE,"Yes, would feel comfortable prescribing to rare pediatric patient for ZARD.","Yes, would feel comfortable prescribing to rare pediatric patient for ZARD.","Yes, would feel comfortable prescribing to rare pediatric patient for ZARD.",sedative,Neurotransmitter modulator,,,FALSE
Cyproheptadine,6,3,TRUE,TRUE,TRUE,98.43415362%,87.98690186%,99.53253268%,29.46239781%,FALSE,FALSE,FALSE,"Yes, would feel comfortable prescribing to rare pediatric patient for ZARD.","Yes, would feel comfortable prescribing to rare pediatric patient for ZARD.","Yes, would feel comfortable prescribing to rare pediatric patient for ZARD.",antihistamine,Neurotransmitter modulator,,,FALSE
Desvenlafaxine,6,3,TRUE,TRUE,TRUE,80.9410056%,3.32870008%,99.47910187%,5.93383003%,FALSE,FALSE,FALSE,"Yes, would feel comfortable prescribing to rare pediatric patient for ZARD.","Yes, would feel comfortable prescribing to rare pediatric patient for ZARD.","Yes, would feel comfortable prescribing to rare pediatric patient for ZARD.",SNRI,Neurotransmitter modulator,,,FALSE
Escitalopram,6,3,TRUE,TRUE,TRUE,96.20053659%,17.83148439%,99.33702336%,13.87503863%,TRUE,FALSE,FALSE,"Yes, would feel comfortable prescribing to rare pediatric patient for ZARD.","Yes, would feel comfortable prescribing to rare pediatric patient for ZARD.","Yes, would feel comfortable prescribing to rare pediatric patient for ZARD.",SSRI,"Protein of interest modulator, Neurotransmitter modulator",,DLG4,FALSE
Fluvoxamine,6,3,TRUE,TRUE,TRUE,90.28752607%,7.0158972%,99.41701622%,13.66649673%,TRUE,FALSE,FALSE,"Yes, would feel comfortable prescribing to rare pediatric patient for ZARD.","Yes, would feel comfortable prescribing to rare pediatric patient for ZARD.","Yes, would feel comfortable prescribing to rare pediatric patient for ZARD.",SSRI,"Protein of interest modulator, Neurotransmitter modulator",,RLIM,FALSE
Gabapentin,6,3,TRUE,TRUE,TRUE,91.67903331%,0.78341423%,99.49511682%,10.78927868%,TRUE,FALSE,FALSE,"Yes, would feel comfortable prescribing to rare pediatric patient for ZARD.","Yes, would feel comfortable prescribing to rare pediatric patient for ZARD.","Yes, would feel comfortable prescribing to rare pediatric patient for ZARD.",anticonvulsant,"Neurotransmitter modulator, Protein of interest modulator",,,FALSE
Glutamic acid,6,3,TRUE,TRUE,TRUE,51.29646899%,0.80917982%,97.30797613%,14.06333591%,FALSE,FALSE,FALSE,"Yes, would feel comfortable prescribing to rare pediatric patient for ZARD.","Yes, would feel comfortable prescribing to rare pediatric patient for ZARD.","Yes, would feel comfortable prescribing to rare pediatric patient for ZARD.",neurotransmitter,Neurotransmitter modulator,,,FALSE
Hydroxyzine,6,3,TRUE,TRUE,TRUE,91.27730683%,72.91650511%,99.42232344%,7.60412384%,FALSE,FALSE,FALSE,"Yes, would feel comfortable prescribing to rare pediatric patient for ZARD.","Yes, would feel comfortable prescribing to rare pediatric patient for ZARD.","Yes, would feel comfortable prescribing to rare pediatric patient for ZARD.",antihistamine,Neurotransmitter modulator,,,FALSE
Loratadine,6,3,TRUE,TRUE,TRUE,72.91730937%,92.38080594%,99.67560238%,19.63821609%,FALSE,FALSE,FALSE,"Yes, would feel comfortable prescribing to rare pediatric patient for ZARD.","Yes, would feel comfortable prescribing to rare pediatric patient for ZARD.","Yes, would feel comfortable prescribing to rare pediatric patient for ZARD.",antihistamine,Symptomatic relief,congenital vertical talus,,FALSE
Lovastatin,6,3,TRUE,TRUE,TRUE,86.21350857%,81.44671965%,99.37657273%,22.04560961%,TRUE,FALSE,FALSE,"Yes, would feel comfortable prescribing to rare pediatric patient for ZARD.","Yes, would feel comfortable prescribing to rare pediatric patient for ZARD.","Yes, would feel comfortable prescribing to rare pediatric patient for ZARD.",statin,Protein of interest modulator,,RLIM,FALSE
Metformin,6,3,TRUE,TRUE,TRUE,64.05290761%,2.99544577%,97.11515714%,7.79986519%,TRUE,FALSE,FALSE,"Yes, would feel comfortable prescribing to rare pediatric patient for ZARD.","Yes, would feel comfortable prescribing to rare pediatric patient for ZARD.","Yes, would feel comfortable prescribing to rare pediatric patient for ZARD.",antidiabetic,Protein of interest modulator,,"RLIM, DLG4",FALSE
Metoprolol,6,3,TRUE,TRUE,TRUE,84.65716479%,6.46611352%,99.56387745%,8.83883672%,FALSE,FALSE,FALSE,"Yes, would feel comfortable prescribing to rare pediatric patient for ZARD.","Yes, would feel comfortable prescribing to rare pediatric patient for ZARD.","Yes, would feel comfortable prescribing to rare pediatric patient for ZARD.",beta blocker,"Protein of interest modulator, Neurotransmitter modulator",,RLIM,FALSE
Oseltamivir,6,3,TRUE,TRUE,TRUE,84.91089457%,4.01154727%,99.42805098%,21.92931539%,FALSE,FALSE,FALSE,"Yes, would feel comfortable prescribing to rare pediatric patient for ZARD.","Yes, would feel comfortable prescribing to rare pediatric patient for ZARD.","Yes, would feel comfortable prescribing to rare pediatric patient for ZARD.",antiviral,Symptomatic relief,arthrogryposis multiplex congenita,,FALSE
Propranolol,6,3,TRUE,TRUE,TRUE,60.28237075%,14.23310062%,99.63829418%,13.99007758%,FALSE,FALSE,FALSE,"Yes, would feel comfortable prescribing to rare pediatric patient for ZARD.","Yes, would feel comfortable prescribing to rare pediatric patient for ZARD.","Yes, would feel comfortable prescribing to rare pediatric patient for ZARD.",beta blocker,"Protein of interest modulator, Neurotransmitter modulator",,RLIM,FALSE
Pyridoxine,6,3,TRUE,TRUE,TRUE,60.89579299%,2.38434105%,98.64176723%,10.69265592%,FALSE,FALSE,FALSE,"Yes, would feel comfortable prescribing to rare pediatric patient for ZARD.","Yes, would feel comfortable prescribing to rare pediatric patient for ZARD.","Yes, would feel comfortable prescribing to rare pediatric patient for ZARD.",vitamin,Symptomatic relief,"movement disorder, hypotonia, congenital vertical talus, dystonia, developmental delay, arthrogryposis multiplex congenita",,FALSE
Sertraline,6,3,TRUE,TRUE,TRUE,96.02892628%,28.64629205%,99.63898118%,27.0668638%,TRUE,FALSE,FALSE,"Yes, would feel comfortable prescribing to rare pediatric patient for ZARD.","Yes, would feel comfortable prescribing to rare pediatric patient for ZARD.","Yes, would feel comfortable prescribing to rare pediatric patient for ZARD.",SSRI,"Protein of interest modulator, Neurotransmitter modulator",,RLIM,FALSE
Triamcinolone,6,3,TRUE,TRUE,TRUE,53.82120628%,10.16503443%,98.74542498%,20.60012842%,FALSE,FALSE,FALSE,"Yes, would feel comfortable prescribing to rare pediatric patient for ZARD.","Yes, would feel comfortable prescribing to rare pediatric patient for ZARD.","Yes, would feel comfortable prescribing to rare pediatric patient for ZARD.",corticosteroid,"Symptomatic relief, Protein of interest modulator","intellectual disability, atrial septal defect, congenital vertical talus, congenital laryngomalacia, dystonia",,FALSE
Atomoxetine,5,3,TRUE,TRUE,TRUE,94.87553435%,19.11493634%,99.64816818%,12.79725354%,FALSE,FALSE,FALSE,"Yes, would feel comfortable prescribing to rare pediatric patient for ZARD.","Yes, would feel comfortable prescribing to rare pediatric patient for ZARD.",Not sure.,sNRI,Neurotransmitter modulator,,,FALSE
Calcitriol,5,3,TRUE,TRUE,TRUE,65.4870169%,55.02206376%,99.39736994%,7.8336732%,FALSE,FALSE,FALSE,"Yes, would feel comfortable prescribing to rare pediatric patient for ZARD.","Yes, would feel comfortable prescribing to rare pediatric patient for ZARD.",Not sure.,hormone,Protein of interest modulator,,RLIM,FALSE
Captopril,5,3,TRUE,TRUE,TRUE,82.58138684%,1.17413753%,98.82524703%,36.62746045%,TRUE,FALSE,FALSE,"Yes, would feel comfortable prescribing to rare pediatric patient for ZARD.",Not sure.,"Yes, would feel comfortable prescribing to rare pediatric patient for ZARD.",antihypertensive,Symptomatic relief,intellectual disability,,FALSE
Cholecalciferol,5,3,TRUE,TRUE,TRUE,79.82973586%,66.62697205%,99.62239643%,12.40301526%,FALSE,FALSE,FALSE,"Yes, would feel comfortable prescribing to rare pediatric patient for ZARD.",Not sure.,"Yes, would feel comfortable prescribing to rare pediatric patient for ZARD.",vitamin,Protein of interest modulator,,RLIM,FALSE
Desloratadine,5,3,TRUE,TRUE,TRUE,95.28342775%,54.70874601%,99.69895903%,24.90422026%,FALSE,FALSE,FALSE,"Yes, would feel comfortable prescribing to rare pediatric patient for ZARD.",Not sure.,"Yes, would feel comfortable prescribing to rare pediatric patient for ZARD.",antihistamine,Protein of interest modulator,,DLG4,FALSE
Dextromethorphan,5,3,TRUE,TRUE,TRUE,98.96614586%,7.70673133%,99.64811651%,5.54307628%,FALSE,FALSE,FALSE,Not sure.,"Yes, would feel comfortable prescribing to rare pediatric patient for ZARD.","Yes, would feel comfortable prescribing to rare pediatric patient for ZARD.",SNRI,"Neurotransmitter modulator, Protein of interest modulator",,RLIM,FALSE
Fexofenadine,5,3,TRUE,TRUE,TRUE,51.52772324%,75.33964371%,98.3020822%,7.33812547%,FALSE,FALSE,FALSE,Not sure.,"Yes, would feel comfortable prescribing to rare pediatric patient for ZARD.","Yes, would feel comfortable prescribing to rare pediatric patient for ZARD.",antihistamine,Symptomatic relief,neuromuscular junction disease,,FALSE
Guanfacine,5,3,TRUE,TRUE,TRUE,83.08571865%,2.68598554%,99.40558823%,34.08409541%,TRUE,FALSE,FALSE,"Yes, would feel comfortable prescribing to rare pediatric patient for ZARD.","Yes, would feel comfortable prescribing to rare pediatric patient for ZARD.",Not comfortable prescribing.,alpha-2a agonist,Protein of interest modulator,,DLG4,FALSE
Levetiracetam,5,3,TRUE,TRUE,TRUE,96.16512049%,0.88545982%,99.36802522%,24.46875315%,FALSE,FALSE,FALSE,"Yes, would feel comfortable prescribing to rare pediatric patient for ZARD.","Yes, would feel comfortable prescribing to rare pediatric patient for ZARD.",Not comfortable prescribing.,antiepileptic,"Neurotransmitter modulator, Protein of interest modulator",,,FALSE
Lidocaine,5,3,TRUE,TRUE,TRUE,96.07020048%,1.76692955%,99.57226889%,12.75482263%,FALSE,FALSE,FALSE,"Yes, would feel comfortable prescribing to rare pediatric patient for ZARD.",Not sure.,"Yes, would feel comfortable prescribing to rare pediatric patient for ZARD.",anesthetic,"Neurotransmitter modulator, Protein of interest modulator",,,FALSE
Memantine,5,3,TRUE,TRUE,TRUE,95.30087669%,3.04799166%,99.31982458%,16.27019182%,FALSE,FALSE,FALSE,"Yes, would feel comfortable prescribing to rare pediatric patient for ZARD.","Yes, would feel comfortable prescribing to rare pediatric patient for ZARD.",Not comfortable prescribing.,NMDA receptor antagonist,"Neurotransmitter modulator, Protein of interest modulator",,DLG4,FALSE
Methylprednisolone,5,3,TRUE,TRUE,TRUE,67.99579734%,33.70016974%,99.4588829%,15.12332937%,FALSE,FALSE,FALSE,Not comfortable prescribing.,"Yes, would feel comfortable prescribing to rare pediatric patient for ZARD.","Yes, would feel comfortable prescribing to rare pediatric patient for ZARD.",corticosteroid,"Protein of interest modulator, Increase neuroplasticity, Increase dendritic spine density",,RLIM,FALSE
Midodrine,5,3,TRUE,TRUE,TRUE,54.39380036%,2.76052086%,99.41974572%,9.60257179%,FALSE,FALSE,FALSE,"Yes, would feel comfortable prescribing to rare pediatric patient for ZARD.","Yes, would feel comfortable prescribing to rare pediatric patient for ZARD.",Not sure.,antihypotensive,Symptomatic relief,movement disorder,,FALSE
Alfacalcidol,4,3,TRUE,TRUE,TRUE,69.02847237%,65.89712814%,99.56055258%,9.94645783%,FALSE,FALSE,FALSE,Not comfortable prescribing.,Not sure.,"Yes, would feel comfortable prescribing to rare pediatric patient for ZARD.",vitamin analog,Symptomatic relief,dystonia,,FALSE
Amantadine,4,3,TRUE,TRUE,TRUE,95.90178545%,3.16617165%,99.47038662%,16.53867416%,TRUE,FALSE,FALSE,Not comfortable prescribing.,"Yes, would feel comfortable prescribing to rare pediatric patient for ZARD.",Not comfortable prescribing.,antiparkinson,"Neurotransmitter modulator, Symptomatic relief",dystonia,,FALSE
Bisoprolol,4,3,TRUE,TRUE,TRUE,61.72274123%,15.5781309%,99.45007443%,9.84139437%,FALSE,FALSE,FALSE,"Yes, would feel comfortable prescribing to rare pediatric patient for ZARD.",Not comfortable prescribing.,Not comfortable prescribing.,beta blocker,Protein of interest modulator,,RLIM,FALSE
Ciclopirox,4,3,TRUE,TRUE,TRUE,91.80207581%,4.3014335%,99.69760557%,26.24977314%,FALSE,FALSE,FALSE,"Yes, would feel comfortable prescribing to rare pediatric patient for ZARD.",Not sure.,Not sure.,antifungal,Protein of interest modulator,,RLIM,FALSE
Clemastine,4,3,TRUE,TRUE,TRUE,97.59375362%,69.88985776%,99.62602638%,8.08508324%,FALSE,FALSE,FALSE,Not comfortable prescribing.,"Yes, would feel comfortable prescribing to rare pediatric patient for ZARD.",Not sure.,antihistamine,Increase neuroplasticity,,,FALSE
Dexmedetomidine,4,3,TRUE,TRUE,TRUE,95.51233915%,6.48421437%,99.69140064%,44.88080148%,FALSE,FALSE,FALSE,"Yes, would feel comfortable prescribing to rare pediatric patient for ZARD.",Not comfortable prescribing.,Not comfortable prescribing.,sedative,"Protein of interest modulator, Neurotransmitter modulator",,DLG4,FALSE
Flunarizine,4,3,TRUE,TRUE,TRUE,96.01832251%,86.3036718%,99.469312%,20.53788872%,FALSE,FALSE,FALSE,Not comfortable prescribing.,"Yes, would feel comfortable prescribing to rare pediatric patient for ZARD.",Not comfortable prescribing.,calcium antagonist,Neurotransmitter modulator,,,FALSE
Hydroxyurea,4,3,TRUE,TRUE,TRUE,80.49959977%,3.40178223%,97.91829144%,25.77863354%,FALSE,FALSE,FALSE,Not sure.,"Yes, would feel comfortable prescribing to rare pediatric patient for ZARD.",Not comfortable prescribing.,antimetabolite,,,,FALSE
Insulin human,4,3,TRUE,TRUE,TRUE,,,,,FALSE,FALSE,FALSE,Not sure.,"Yes, would feel comfortable prescribing to rare pediatric patient for ZARD.",Not comfortable prescribing.,hormone,,,,FALSE
Lisdexamfetamine,4,3,TRUE,TRUE,TRUE,79.37560259%,4.57279419%,99.50077781%,12.52882314%,FALSE,FALSE,FALSE,Not sure.,"Yes, would feel comfortable prescribing to rare pediatric patient for ZARD.",Not comfortable prescribing.,stimulant,Neurotransmitter modulator,,,FALSE
Nadolol,4,3,TRUE,TRUE,TRUE,69.42524158%,3.92998491%,98.5830479%,6.12755842%,FALSE,FALSE,FALSE,"Yes, would feel comfortable prescribing to rare pediatric patient for ZARD.",Not sure.,Not comfortable prescribing.,beta blocker,Protein of interest modulator,,RLIM,FALSE
Naloxone,4,3,TRUE,TRUE,TRUE,97.66973501%,3.62552897%,99.46825046%,4.92715036%,FALSE,FALSE,FALSE,Not comfortable prescribing.,Not sure.,"Yes, would feel comfortable prescribing to rare pediatric patient for ZARD.",opioid antagonist,,,,FALSE
Pregabalin,4,3,TRUE,TRUE,TRUE,69.89320913%,1.38509315%,99.1528913%,6.90958076%,FALSE,FALSE,FALSE,Not sure.,Not sure.,"Yes, would feel comfortable prescribing to rare pediatric patient for ZARD.",anticonvulsant ,"Neurotransmitter modulator, Protein of interest modulator",,,FALSE
Progesterone,4,3,TRUE,TRUE,TRUE,22.4789552%,60.1473929%,99.67814351%,42.04950912%,FALSE,FALSE,FALSE,Not comfortable prescribing.,Not comfortable prescribing.,"Yes, would feel comfortable prescribing to rare pediatric patient for ZARD.",hormone,"Protein of interest modulator, Neurotransmitter modulator",,RLIM,FALSE
Pseudoephedrine,4,3,TRUE,TRUE,TRUE,57.40151209%,1.55872898%,99.58433434%,6.99944505%,FALSE,FALSE,FALSE,Not comfortable prescribing.,"Yes, would feel comfortable prescribing to rare pediatric patient for ZARD.",Not sure.,decongestant,Neurotransmitter modulator,,,FALSE
Succinic acid,4,3,TRUE,TRUE,TRUE,74.1421301%,0.70935316%,81.18549444%,18.35493921%,FALSE,FALSE,FALSE,Not comfortable prescribing.,"Yes, would feel comfortable prescribing to rare pediatric patient for ZARD.",Not sure.,dicarboxylic acid,Symptomatic relief,movement disorder,,FALSE
Terbinafine,4,3,TRUE,TRUE,TRUE,95.22445857%,31.29907595%,99.59512213%,39.39757448%,FALSE,FALSE,FALSE,Not comfortable prescribing.,"Yes, would feel comfortable prescribing to rare pediatric patient for ZARD.",Not comfortable prescribing.,antifungal,Symptomatic relief,neuromuscular junction disease,,FALSE
Tranexamic acid,4,3,TRUE,TRUE,TRUE,65.70995448%,1.09220341%,98.72300948%,10.33911697%,FALSE,FALSE,FALSE,"Yes, would feel comfortable prescribing to rare pediatric patient for ZARD.",Not comfortable prescribing.,Not comfortable prescribing.,antihemorrhagic,Symptomatic relief,joint dislocation,,FALSE
Tretinoin,4,3,TRUE,TRUE,TRUE,83.23522311%,16.76068926%,99.44326323%,26.86619844%,FALSE,FALSE,FALSE,Not comfortable prescribing.,"Yes, would feel comfortable prescribing to rare pediatric patient for ZARD.",Not sure.,antiacne,"Increase neuroplasticity, Increase dendritic spine density, Protein of interest modulator",,,FALSE
Trihexyphenidyl,4,3,TRUE,TRUE,TRUE,97.25378189%,19.64023806%,99.60152808%,5.54120535%,FALSE,FALSE,FALSE,Not comfortable prescribing.,"Yes, would feel comfortable prescribing to rare pediatric patient for ZARD.",Not comfortable prescribing.,antispasmodic,"Symptomatic relief, Neurotransmitter modulator",dystonia,,FALSE
Acamprosate,3,3,TRUE,TRUE,TRUE,86.91102659%,1.14947798%,97.05819608%,19.51547666%,FALSE,FALSE,FALSE,Not comfortable prescribing.,Not sure.,Not comfortable prescribing.,alcohol deterrent,Neurotransmitter modulator,,,FALSE
Alfentanil,3,3,TRUE,TRUE,TRUE,95.87780594%,17.53542663%,98.58683721%,38.8660182%,FALSE,FALSE,FALSE,Not comfortable prescribing.,Not comfortable prescribing.,Not comfortable prescribing.,anesthetic,Neurotransmitter modulator,,,FALSE
Anakinra,3,3,TRUE,TRUE,TRUE,,,,,FALSE,FALSE,FALSE,Not sure.,Not sure.,Not comfortable prescribing.,immunosuppressant,Protein of interest modulator,,"RLIM, DLG4",FALSE
Anidulafungin,3,3,TRUE,TRUE,TRUE,,,,,FALSE,FALSE,FALSE,Not comfortable prescribing.,Not comfortable prescribing.,Not comfortable prescribing.,antifungal,Symptomatic relief,esotropia,,FALSE
Arsenic trioxide,3,3,TRUE,TRUE,TRUE,92.9555996%,2.75154124%,98.95080464%,20.76236962%,FALSE,FALSE,FALSE,Not comfortable prescribing.,Not sure.,Not comfortable prescribing.,antineoplastic,Protein of interest modulator,,RLIM,FALSE
Butorphanol,3,3,TRUE,TRUE,TRUE,96.87330566%,8.05012796%,99.52266016%,5.99505031%,FALSE,FALSE,FALSE,Not comfortable prescribing.,Not sure.,Not comfortable prescribing.,analgesic,Symptomatic relief,movement disorder,,FALSE
Ciclesonide,3,3,TRUE,TRUE,TRUE,96.82744379%,51.30750828%,99.05329177%,39.52478578%,FALSE,FALSE,FALSE,Not comfortable prescribing.,Not sure.,Not sure.,corticosteroid,Protein of interest modulator,,RLIM,FALSE
Desflurane,3,3,TRUE,TRUE,TRUE,92.88782245%,2.87807259%,99.21863584%,16.57588741%,FALSE,FALSE,FALSE,Not comfortable prescribing.,Not comfortable prescribing.,Not comfortable prescribing.,anesthetic,Neurotransmitter modulator,,,FALSE
Disopyramide,3,3,TRUE,TRUE,TRUE,96.03521082%,10.97704407%,99.5043181%,14.60669903%,FALSE,FALSE,FALSE,Not comfortable prescribing.,Not sure.,Not comfortable prescribing.,antiarrhythmic,Symptomatic relief,esotropia,,FALSE
Eplerenone,3,3,TRUE,TRUE,TRUE,90.91744589%,33.19196378%,99.05279282%,39.96676024%,FALSE,FALSE,FALSE,Not comfortable prescribing.,Not sure.,Not sure.,diuretic,Protein of interest modulator,,DLG4,FALSE
Ethambutol,3,3,TRUE,TRUE,TRUE,58.68236089%,1.81843421%,96.96451422%,5.12393378%,FALSE,FALSE,FALSE,Not sure.,Not comfortable prescribing.,Not comfortable prescribing.,antimycobacterial,Symptomatic relief,dystonia,,FALSE
Ethosuximide,3,3,TRUE,TRUE,TRUE,96.44059323%,1.45353643%,98.99707332%,29.66453389%,FALSE,FALSE,FALSE,Not sure.,Not sure.,Not comfortable prescribing.,antiepileptic,Neurotransmitter modulator,,,FALSE
gamma-Hydroxybutyric acid,3,3,TRUE,TRUE,TRUE,66.15746959%,0.86696188%,94.93179992%,7.38772617%,FALSE,FALSE,FALSE,Not comfortable prescribing.,Not sure.,Not sure.,neurotransmitter,Neurotransmitter modulator,,,FALSE
Guanabenz,3,3,TRUE,TRUE,TRUE,62.74841562%,4.95401269%,99.48858679%,33.95251941%,FALSE,FALSE,FALSE,Not comfortable prescribing.,Not sure.,Not comfortable prescribing.,antihypertensive,Symptomatic relief,movement disorder,,FALSE
Human immunoglobulin G,3,3,TRUE,TRUE,TRUE,,,,,FALSE,FALSE,FALSE,Not sure.,Not comfortable prescribing.,Not sure.,antibody,Symptomatic relief,neuromuscular junction disease,,FALSE
Ketamine,3,3,TRUE,TRUE,TRUE,96.12701608%,3.23468063%,99.7360902%,12.65450861%,FALSE,FALSE,FALSE,Not comfortable prescribing.,Not comfortable prescribing.,Not comfortable prescribing.,anesthetic,"Protein of interest modulator, Neurotransmitter modulator, Increase neuroplasticity, Increase dendritic spine density",,"RLIM, DLG4",FALSE
Levamisole,3,3,TRUE,TRUE,TRUE,96.63752294%,3.19120139%,99.50322849%,45.70114694%,FALSE,FALSE,FALSE,Not sure.,Not comfortable prescribing.,Not comfortable prescribing.,anthelmintic,Symptomatic relief,congenital vertical talus,,FALSE
Mepivacaine,3,3,TRUE,TRUE,TRUE,95.72161593%,2.77699177%,99.68730961%,13.90897649%,FALSE,FALSE,FALSE,Not comfortable prescribing.,Not comfortable prescribing.,Not comfortable prescribing.,anesthetic,Symptomatic relief,movement disorder,,FALSE
Misoprostol,3,3,TRUE,TRUE,TRUE,72.1472987%,47.97544826%,98.90574879%,12.11819031%,FALSE,FALSE,FALSE,Not comfortable prescribing.,Not comfortable prescribing.,Not comfortable prescribing.,prostaglandin analog,Neurotransmitter modulator,,,FALSE
Nalbuphine,3,3,TRUE,TRUE,TRUE,95.50057981%,3.86948937%,99.34313716%,5.95198951%,FALSE,FALSE,FALSE,Not comfortable prescribing.,Not comfortable prescribing.,Not comfortable prescribing.,analgesic,Protein of interest modulator,,RLIM,FALSE
Nitroglycerin,3,3,TRUE,TRUE,TRUE,68.5056524%,2.94825245%,96.3436814%,30.16741982%,FALSE,FALSE,FALSE,Not comfortable prescribing.,Not comfortable prescribing.,Not comfortable prescribing.,vasodilator,Symptomatic relief,,,FALSE
Oxybutynin,3,3,TRUE,TRUE,TRUE,84.73390973%,62.46449005%,99.42419982%,5.65574562%,FALSE,FALSE,FALSE,Not sure.,Not comfortable prescribing.,Not comfortable prescribing.,antimuscarinic,Symptomatic relief,dystonia,,FALSE
Oxymetazoline,3,3,TRUE,TRUE,TRUE,88.5572384%,57.17762051%,99.62165078%,18.8318037%,FALSE,FALSE,FALSE,Not comfortable prescribing.,Not sure.,Not comfortable prescribing.,decongestant,Symptomatic relief,movement disorder,,FALSE
Paricalcitol,3,3,TRUE,TRUE,TRUE,66.12812079%,52.51294996%,99.39686765%,11.2862366%,FALSE,FALSE,FALSE,Not comfortable prescribing.,Not sure.,Not comfortable prescribing.,vitamin analog,Protein of interest modulator,,"RLIM, DLG4",FALSE
Pentobarbital,3,3,TRUE,TRUE,TRUE,93.16901669%,2.29792609%,99.33293597%,42.2990636%,FALSE,FALSE,FALSE,Not comfortable prescribing.,Not comfortable prescribing.,Not comfortable prescribing.,barbiturate,"Protein of interest modulator, Neurotransmitter modulator",,DLG4,FALSE
Perphenazine,3,3,TRUE,TRUE,TRUE,98.99062487%,85.92663344%,99.55163938%,48.30721924%,FALSE,FALSE,FALSE,Not comfortable prescribing.,Not comfortable prescribing.,Not comfortable prescribing.,antipsychotic,Neurotransmitter modulator,,,FALSE
Phenoxybenzamine,3,3,TRUE,TRUE,TRUE,69.88110113%,23.87528927%,99.69430489%,19.46930057%,FALSE,FALSE,FALSE,Not comfortable prescribing.,Not comfortable prescribing.,Not comfortable prescribing.,alpha blocker,Neurotransmitter modulator,,,FALSE
Phentolamine,3,3,TRUE,TRUE,TRUE,75.20855714%,22.19936838%,99.54271589%,22.71485286%,FALSE,FALSE,FALSE,Not comfortable prescribing.,Not comfortable prescribing.,Not comfortable prescribing.,vasodilator,Symptomatic relief,developmental delay,,FALSE
Pilocarpine,3,3,TRUE,TRUE,TRUE,86.99254342%,2.98136803%,99.40640605%,29.12297216%,FALSE,FALSE,FALSE,Not comfortable prescribing.,Not comfortable prescribing.,Not comfortable prescribing.,cholinergic agonist,Protein of interest modulator,,DLG4,FALSE
Praziquantel,3,3,TRUE,TRUE,TRUE,96.57708695%,14.34812088%,99.61404791%,30.02681173%,FALSE,FALSE,FALSE,Not sure.,Not comfortable prescribing.,Not comfortable prescribing.,anthelmintic,Symptomatic relief,coronal craniosynostosis,,FALSE
Primaquine,3,3,TRUE,TRUE,TRUE,88.60770093%,5.67667008%,99.5714879%,22.44215726%,FALSE,FALSE,FALSE,Not comfortable prescribing.,Not comfortable prescribing.,Not comfortable prescribing.,antiprotozoal,Symptomatic relief,congenital vertical talus,,FALSE
Primidone,3,3,TRUE,TRUE,TRUE,92.92865703%,1.35331912%,99.38060534%,28.19771311%,FALSE,FALSE,FALSE,Not sure.,Not sure.,Not comfortable prescribing.,barbiturate,"Neurotransmitter modulator, Symptomatic relief",movement disorder,,FALSE
Procaine,3,3,TRUE,TRUE,TRUE,94.6127845%,1.89073222%,99.55024216%,15.7436328%,FALSE,FALSE,FALSE,Not comfortable prescribing.,Not comfortable prescribing.,Not comfortable prescribing.,anesthetic,Neurotransmitter modulator,,,FALSE
Propofol,3,3,TRUE,TRUE,TRUE,95.44031522%,4.38904852%,99.57268701%,13.78811793%,FALSE,FALSE,FALSE,Not comfortable prescribing.,Not comfortable prescribing.,Not comfortable prescribing.,anesthetic,"Protein of interest modulator, Neurotransmitter modulator",,RLIM,FALSE
Pyridostigmine,3,3,TRUE,TRUE,TRUE,93.07588129%,1.73696273%,98.62945272%,28.02633548%,FALSE,FALSE,FALSE,Not sure.,Not sure.,Not comfortable prescribing.,AChE inhibitor,"Symptomatic relief, Neurotransmitter modulator",neuromuscular junction disease,,FALSE
Quinine,3,3,TRUE,TRUE,TRUE,78.29501185%,70.78066486%,99.60343636%,38.09571857%,FALSE,FALSE,FALSE,Not comfortable prescribing.,Not comfortable prescribing.,Not comfortable prescribing.,antimalarial,Protein of interest modulator,,RLIM,FALSE
Remifentanil,3,3,TRUE,TRUE,TRUE,93.54470715%,26.29528068%,99.12763253%,15.89155253%,FALSE,FALSE,FALSE,Not comfortable prescribing.,Not comfortable prescribing.,Not comfortable prescribing.,analgesic,Neurotransmitter modulator,,,FALSE
Rivastigmine,3,3,TRUE,TRUE,TRUE,96.77204816%,1.76169585%,99.50578349%,12.75095874%,TRUE,FALSE,FALSE,Not sure.,Not sure.,Not comfortable prescribing.,AChE inhibitor,"Protein of interest modulator, Neurotransmitter modulator",,DLG4,FALSE
Ropivacaine,3,3,TRUE,TRUE,TRUE,96.4700856%,3.55389117%,99.65319973%,12.53456586%,FALSE,FALSE,FALSE,Not comfortable prescribing.,Not comfortable prescribing.,Not comfortable prescribing.,anesthetic,Neurotransmitter modulator,,,FALSE
Sevoflurane,3,3,TRUE,TRUE,TRUE,95.94625525%,3.15225436%,99.21255258%,18.1335672%,FALSE,FALSE,FALSE,Not comfortable prescribing.,Not comfortable prescribing.,Not comfortable prescribing.,anesthetic,"Protein of interest modulator, Neurotransmitter modulator",,"RLIM, DLG4",FALSE
Timolol,3,3,TRUE,TRUE,TRUE,75.59844359%,4.23648383%,99.41138651%,40.93088576%,FALSE,FALSE,FALSE,Not sure.,Not comfortable prescribing.,Not comfortable prescribing.,beta blocker,"Neurotransmitter modulator, Symptomatic relief",esotropia,,FALSE
Tramadol,3,3,TRUE,TRUE,TRUE,95.42428227%,4.47074216%,99.70279299%,7.814469%,FALSE,FALSE,FALSE,Not comfortable prescribing.,Not sure.,Not comfortable prescribing.,analgesic,Neurotransmitter modulator,,,FALSE
Tropicamide,3,3,TRUE,TRUE,TRUE,88.53902881%,4.14162144%,99.54367254%,40.29896469%,FALSE,FALSE,FALSE,Not comfortable prescribing.,Not sure.,Not comfortable prescribing.,antimuscarinic,"Neurotransmitter modulator, Symptomatic relief",esotropia,,FALSE
Vigabatrin,3,3,TRUE,TRUE,TRUE,72.80919306%,1.28722368%,98.5614981%,8.13840635%,FALSE,FALSE,FALSE,Not comfortable prescribing.,Not comfortable prescribing.,Not comfortable prescribing.,antiepileptic,Neurotransmitter modulator,,,FALSE